Case ID,Case Number,Case Year,Judge,Date Filed,Date Reopened,Reopen Code,Date Terminated,NOS,Cause of Action,Diversity Plaintiff,Diversity Defendant,IsProse,DateAgg
47873,3:21-cv-00429-jdp                       ,21,jdp ,2021-07-02,,1 ,,442,28:1331ed ,,,n,2021-07-02
47874,3:21-cv-00430-jdp                       ,21,jdp ,2021-07-02,,1 ,2021-07-26,480,15:1692   ,,,n,2021-07-02
47875,3:21-cv-00431-jdp                       ,21,jdp ,2021-07-02,,2 ,2022-11-01,480,15:1681   ,,,n,2021-07-02
47876,3:21-cv-00432-jdp                       ,21,jdp ,2021-07-05,,2 ,2022-06-17,480,28:1441fc ,,,n,2021-07-05
47878,3:21-cv-00433-jdp                       ,21,jdp ,2021-07-06,,1 ,2022-04-08,550,42:1983pr ,,,y,2021-07-06
47879,3:21-cv-00434-jdp                       ,21,jdp ,2021-07-06,,2 ,2022-07-05,480,15:1681   ,,,n,2021-07-06
47880,3:21-cv-00435-jdp                       ,21,jdp ,2021-07-06,,1 ,2021-07-15,550,42:1983pr ,,,y,2021-07-06
47881,3:21-cv-00436-jdp                       ,21,jdp ,2021-07-06,,1 ,2021-08-27,550,42:1983pr ,,,y,2021-07-06
47882,3:21-cv-00437-wmc                       ,21,wmc ,2021-07-06,,2 ,2021-10-12,360,28:1441pr ,1,5,n,2021-07-06
47883,3:21-cv-00438-wmc                       ,21,wmc ,2021-07-06,,1 ,2023-04-21,790,28:1332ds ,1,2,n,2021-07-06
47884,3:21-cv-00439-wmc                       ,21,wmc ,2021-07-07,,1 ,2022-11-04,550,42:1983pr ,,,y,2021-07-07
47885,3:21-cv-00440-wmc                       ,21,wmc ,2021-07-07,,1 ,,530,28:2254   ,,,n,2021-07-07
47888,3:21-cv-00441-bbc                       ,21,bbc ,2021-07-08,,1 ,2021-08-23,530,28:2254   ,,,y,2021-07-08
47889,3:21-cv-00442-slc                       ,21,slc ,2021-07-08,,2 ,2021-09-08,690,28:1442pr ,,,n,2021-07-08
47893,3:21-cv-00444-jdp                       ,21,jdp ,2021-07-09,,2 ,2022-07-05,480,15:1681   ,,,n,2021-07-09
47894,3:21-cv-00443-jdp                       ,21,jdp ,2021-07-09,,1 ,2023-05-03,550,42:1983pr ,,,y,2021-07-09
47895,3:21-cv-00445-wmc                       ,21,wmc ,2021-07-12,,1 ,2021-11-17,530,28:2241   ,,,y,2021-07-12
47896,3:21-cv-00446-jdp                       ,21,jdp ,2021-07-13,,1 ,2022-05-06,440,42:1983cv ,,,y,2021-07-13
47902,3:21-cv-00447-wmc                       ,21,wmc ,2021-07-14,,2 ,2023-05-08,890,15:2301   ,,,n,2021-07-14
47905,3:21-cv-00448-jdp                       ,21,jdp ,2021-07-14,,2 ,2021-10-21,440,28:1441pr ,,,y,2021-07-14
47906,3:21-cv-00449-slc                       ,21,slc ,2021-07-14,,1 ,2022-03-04,443,42:3601   ,,,n,2021-07-14
47907,3:21-cv-00450-wmc                       ,21,wmc ,2021-07-15,,1 ,2021-11-03,830,15:1125   ,,,n,2021-07-15
47908,3:21-cv-00451-jdp                       ,21,jdp ,2021-07-16,,2 ,2021-08-25,367,28:1332ct ,1,5,n,2021-07-16
47911,3:21-cv-00452-jdp                       ,21,jdp ,2021-07-19,,1 ,2022-04-15,550,42:1983pr ,,,y,2021-07-19
47915,3:21-cv-00453-wmc                       ,21,wmc ,2021-07-19,,1 ,2022-07-11,440,42:1983pr ,,,n,2021-07-19
47916,3:21-cv-00454-wmc                       ,21,wmc ,2021-07-19,,1 ,2022-08-11,440,42:1983cv ,,,y,2021-07-19
47917,3:21-cv-00455-slc                       ,21,slc ,2021-07-20,,1 ,2022-03-21,864,42:0405id ,,,n,2021-07-20
47918,3:21-cv-00456-bbc                       ,21,bbc ,2021-07-20,,1 ,2021-09-10,550,42:1983pr ,,,y,2021-07-20
47919,3:21-cv-00457-jdp                       ,21,jdp ,2021-07-20,,1 ,2021-07-30,550,42:1983pr ,,,y,2021-07-20
47920,3:21-cv-00458-slc                       ,21,slc ,2021-07-20,,1 ,2022-09-28,865,42:0402   ,,,n,2021-07-20
47921,3:21-cv-00459-bbc                       ,21,bbc ,2021-07-20,,1 ,2021-10-06,530,28:2254   ,,,y,2021-07-20
47925,3:21-cv-00460-jdp                       ,21,jdp ,2021-07-20,,1 ,2022-05-12,360,28:1332ct ,2,4,n,2021-07-20
47926,3:21-cv-00462-jdp                       ,21,jdp ,2021-07-21,,1 ,2021-08-24,380,28:1346tc ,,,n,2021-07-21
47927,3:21-cv-00461-wmc                       ,21,wmc ,2021-07-21,,1 ,2021-08-27,440,42:1983cv ,,,y,2021-07-21
47928,3:21-cv-00463-wmc                       ,21,wmc ,2021-07-21,,1 ,2022-08-31,445,42:12101  ,,,n,2021-07-21
47931,3:21-cv-00464-wmc                       ,21,wmc ,2021-07-21,,1 ,2021-12-14,863,42:0405wc ,,,n,2021-07-21
47949,3:21-cv-00465-jdp                       ,21,jdp ,2021-07-22,,1 ,2021-08-26,550,42:1983pr ,,,y,2021-07-22
47950,3:21-cv-00466-jdp                       ,21,jdp ,2021-07-22,,1 ,2021-11-19,440,42:1983cv ,,,y,2021-07-22
47951,3:21-cv-00468-jdp                       ,21,jdp ,2021-07-23,,1 ,2021-07-30,550,42:1983pr ,,,y,2021-07-23
47952,3:21-cv-00467-jdp                       ,21,jdp ,2021-07-23,,1 ,,550,42:1983pr ,,,y,2021-07-23
47953,3:21-cv-00469-wmc                       ,21,wmc ,2021-07-26,,1 ,2021-11-30,791,29:1132   ,,,n,2021-07-26
47954,3:21-cv-00470-wmc                       ,21,wmc ,2021-07-26,,1 ,2022-10-12,442,42:2000e  ,,,y,2021-07-26
47955,3:21-cv-00471-wmc                       ,21,wmc ,2021-07-26,,1 ,2021-12-06,720,29:0151   ,,,n,2021-07-26
47956,3:21-cv-00472-slc                       ,21,slc ,2021-07-27,,1 ,2023-03-31,550,42:1983pr ,,,y,2021-07-27
47957,3:21-cv-00473-jdp                       ,21,jdp ,2021-07-27,,1 ,2022-04-08,840,15:1051   ,,,n,2021-07-27
47963,3:21-cv-00474-wmc                       ,21,wmc ,2021-07-27,,1 ,2022-01-06,840,15:1114   ,,,n,2021-07-27
47964,3:21-cv-00475-wmc                       ,21,wmc ,2021-07-28,,1 ,2022-02-17,791,29:1132   ,,,n,2021-07-28
47965,3:21-cv-00476-jdp                       ,21,jdp ,2021-07-28,,1 ,2022-11-28,550,42:1983pr ,,,y,2021-07-28
47968,3:21-cv-00477-wmc                       ,21,wmc ,2021-07-28,,1 ,2023-03-23,830,35:0271   ,,,n,2021-07-28
47972,3:21-cv-00478-wmc                       ,21,wmc ,2021-07-29,,1 ,2021-11-04,485,47:227    ,,,n,2021-07-29
47975,3:21-cv-00479-wmc                       ,21,wmc ,2021-07-29,,2 ,2022-03-04,791,29:1001   ,,,y,2021-07-29
47976,3:21-cv-00480-wmc                       ,21,wmc ,2021-07-29,,2 ,2022-01-24,150,28:1330   ,1,2,n,2021-07-29
47984,3:21-cv-00483-wmc                       ,21,wmc ,2021-07-29,,1 ,2022-09-20,863,42:0405id ,,,y,2021-07-29
47977,3:21-cv-00481-wmc                       ,21,wmc ,2021-07-30,,1 ,2023-02-17,422,28:1334   ,,,n,2021-07-30
47985,3:21-cv-00484-wmc                       ,21,wmc ,2021-08-02,,1 ,2023-01-25,840,15:1114   ,,,y,2021-08-02
47986,3:21-cv-00482-wmc                       ,21,wmc ,2021-08-02,,1 ,2022-09-01,530,28:2241   ,,,n,2021-08-02
47988,3:21-cv-00486-bbc                       ,21,bbc ,2021-08-02,,1 ,2022-08-22,550,28:1331b  ,,,y,2021-08-02
47989,3:21-cv-00487-wmc                       ,21,wmc ,2021-08-02,,1 ,2022-09-23,560,42:1983cv ,,,y,2021-08-02
47987,3:21-cv-00485-bbc                       ,21,bbc ,2021-08-03,,1 ,2022-01-28,550,42:1983pr ,,,y,2021-08-03
47990,3:21-cv-00488-jdp                       ,21,jdp ,2021-08-03,,1 ,2021-09-22,550,42:1983pr ,,,y,2021-08-03
47993,3:21-cv-00489-wmc                       ,21,wmc ,2021-08-03,,2 ,2023-01-18,550,42:1983pr ,,,y,2021-08-03
47994,3:21-cv-00490-wmc                       ,21,wmc ,2021-08-04,,1 ,2022-03-31,864,42:0405id ,,,n,2021-08-04
47995,3:21-cv-00491-slc                       ,21,slc ,2021-08-04,,1 ,2022-03-04,865,42:0402   ,,,n,2021-08-04
47996,3:21-cv-00492-jdp                       ,21,jdp ,2021-08-05,,1 ,2023-03-02,530,28:2254   ,,,y,2021-08-05
47997,3:21-cv-00493-jdp                       ,21,jdp ,2021-08-05,,1 ,,550,42:1983pr ,,,y,2021-08-05
48001,3:21-cv-00494-wmc                       ,21,wmc ,2021-08-06,,1 ,2022-05-04,440,28:1983   ,,,n,2021-08-06
48004,3:21-cv-00495-bbc                       ,21,bbc ,2021-08-09,,1 ,2022-06-27,445,42:12101  ,,,n,2021-08-09
48005,3:21-cv-00496-bbc                       ,21,bbc ,2021-08-09,,1 ,2021-09-24,550,42:1983pr ,,,y,2021-08-09
48006,3:21-cv-00497-wmc                       ,21,wmc ,2021-08-09,,1 ,2022-01-28,550,42:1983pr ,,,y,2021-08-09
48007,3:21-cv-00498-jdp                       ,21,jdp ,2021-08-09,2021-07-13,5 ,,530,28:2254   ,,,y,2021-08-09
48010,3:21-cv-00499-wmc                       ,21,wmc ,2021-08-10,,1 ,2023-03-13,550,42:1983pr ,,,y,2021-08-10
48011,3:21-cv-00500-wmc                       ,21,wmc ,2021-08-10,,1 ,2022-02-16,550,42:1983pr ,,,y,2021-08-10
48012,3:21-cv-00501-jdp                       ,21,jdp ,2021-08-10,,1 ,2022-06-01,710,29:0201fl ,,,n,2021-08-10
48013,3:21-cv-00502-wmc                       ,21,wmc ,2021-08-10,,1 ,2023-03-13,550,42:1983pr ,,,y,2021-08-10
48014,3:21-cv-00503-wmc                       ,21,wmc ,2021-08-10,,1 ,2023-04-04,440,28:1983   ,,,y,2021-08-10
48017,3:21-cv-00504-wmc                       ,21,wmc ,2021-08-10,,1 ,2022-08-31,442,42:2000e  ,,,n,2021-08-10
48018,3:21-cv-00505-jdp                       ,21,jdp ,2021-08-10,,1 ,2022-09-21,380,28:1332tn ,4,5,n,2021-08-10
48019,3:21-cv-00506-wmc                       ,21,wmc ,2021-08-11,,1 ,2022-11-14,864,42:0405id ,,,n,2021-08-11
48020,3:21-cv-00507-jdp                       ,21,jdp ,2021-08-11,,1 ,2022-12-21,365,28:1332pl ,1,2,n,2021-08-11
48036,3:21-cv-00508-wmc                       ,21,wmc ,2021-08-12,,2 ,2021-09-17,365,28:1332pl ,1,5,n,2021-08-12
48037,3:21-cv-00509-wmc                       ,21,wmc ,2021-08-12,,1 ,,550,42:1983pr ,,,y,2021-08-12
48040,3:21-cv-00510-wmc                       ,21,wmc ,2021-08-12,,1 ,2021-12-17,190,28:1332oc ,2,1,n,2021-08-12
48041,3:21-cv-00511-bbc                       ,21,bbc ,2021-08-12,,1 ,2022-08-16,864,42:0402   ,,,n,2021-08-12
48042,3:21-cv-00512-jdp-ajs-eec               ,21,jdp ,2021-08-13,,1 ,2022-05-05,400,42:1983cv ,,,n,2021-08-13
48043,3:21-cv-00513-wmc                       ,21,wmc ,2021-08-16,,1 ,2022-03-21,840,15:1051   ,,,n,2021-08-16
48044,3:21-cv-00514-wmc                       ,21,wmc ,2021-08-16,,1 ,2023-03-13,550,42:1983pr ,,,y,2021-08-16
48045,3:21-cv-00515-wmc                       ,21,wmc ,2021-08-16,,1 ,2023-03-13,550,42:1983pr ,,,y,2021-08-16
48046,3:21-cv-00516-jdp                       ,21,jdp ,2021-08-16,,1 ,2021-12-01,550,42:1983pr ,,,y,2021-08-16
48047,3:21-cv-00517-jdp                       ,21,jdp ,2021-08-17,,1 ,2022-11-23,422,28:1334   ,,,n,2021-08-17
48050,3:21-cv-00518-jdp                       ,21,jdp ,2021-08-17,,1 ,2022-07-01,330,28:2671   ,,,n,2021-08-17
48052,3:21-cv-00520-jdp                       ,21,jdp ,2021-08-17,,1 ,2023-03-03,555,42:1983pr ,,,n,2021-08-17
48053,3:21-cv-00521-jdp                       ,21,jdp ,2021-08-18,,2 ,2021-08-20,360,28:1332pr ,4,2,y,2021-08-18
48054,3:21-cv-00523-wmc                       ,21,wmc ,2021-08-18,,1 ,2023-05-17,330,45:0151   ,,,n,2021-08-18
48057,3:21-cv-00524-wmc                       ,21,wmc ,2021-08-18,,1 ,2021-09-22,480,15:1681   ,,,n,2021-08-18
48060,3:21-cv-00526-slc                       ,21,slc ,2021-08-18,,1 ,2022-03-07,865,42:0405id ,,,n,2021-08-18
48061,3:21-cv-00522-jdp                       ,21,jdp ,2021-08-18,,1 ,2021-08-20,190,28:1332pr ,1,5,y,2021-08-18
48062,3:21-cv-00527-jdp                       ,21,jdp ,2021-08-18,,1 ,2023-03-20,864,42:0405id ,,,n,2021-08-18
48058,3:21-cv-00525-wmc                       ,21,wmc ,2021-08-18,,5 ,2021-09-29,360,misc      ,,,n,2021-08-18
48072,3:21-cv-00528-bbc                       ,21,bbc ,2021-08-19,,1 ,2021-10-06,530,28:2241   ,,,y,2021-08-19
48073,3:21-cv-00529-jdp                       ,21,jdp ,2021-08-20,,1 ,,440,42:1983cv ,,,y,2021-08-20
48074,3:21-cv-00530-jdp                       ,21,jdp ,2021-08-20,,1 ,2022-05-06,440,42:1983pr ,,,y,2021-08-20
48075,3:21-cv-00531-wmc                       ,21,wmc ,2021-08-20,,1 ,2022-06-29,880,18:1836a  ,,,n,2021-08-20
48076,3:21-cv-00533-jdp                       ,21,jdp ,2021-08-23,,1 ,2021-09-29,550,42:1983pr ,,,y,2021-08-23
48077,3:21-cv-00534-jdp-ajs-eec               ,21,jdp ,2021-08-23,,1 ,2022-05-05,400,28:1983   ,,,n,2021-08-23
48078,3:21-cv-00535-jdp                       ,21,jdp ,2021-08-23,,1 ,2022-12-12,440,42:1983cv ,,,n,2021-08-23
48079,3:21-cv-00536-wmc                       ,21,wmc ,2021-08-23,,1 ,2022-04-07,550,42:1983pr ,,,y,2021-08-23
48080,3:21-cv-00537-wmc                       ,21,wmc ,2021-08-23,,1 ,2022-03-23,440,42:1983cv ,,,y,2021-08-23
48081,3:21-cv-00532-jdp                       ,21,jdp ,2021-08-23,,1 ,2021-08-24,190,28:1332bc ,5,1,y,2021-08-23
48082,3:21-cv-00519-slc                       ,21,slc ,2021-08-24,,1 ,2023-01-20,864,42:0405id ,,,n,2021-08-24
48083,3:21-cv-00539-jdp                       ,21,jdp ,2021-08-24,,1 ,2021-12-06,380,28:1346tc ,,,n,2021-08-24
48084,3:21-cv-00538-wmc                       ,21,wmc ,2021-08-24,,1 ,2022-02-10,550,42:1983pr ,,,y,2021-08-24
48085,3:21-cv-00540-wmc                       ,21,wmc ,2021-08-24,,1 ,2022-04-25,710,29:0201fl ,,,n,2021-08-24
48086,3:21-cv-00541-wmc                       ,21,wmc ,2021-08-24,,1 ,2022-05-18,375,31:3730   ,,,n,2021-08-24
48089,3:21-cv-00542-jdp                       ,21,jdp ,2021-08-25,,1 ,2022-01-21,840,15:1114   ,,,n,2021-08-25
48090,3:21-cv-00543-slc                       ,21,slc ,2021-08-25,,1 ,2022-05-31,864,42:0405id ,,,n,2021-08-25
48091,3:21-cv-00544-wmc                       ,21,wmc ,2021-08-26,,1 ,2021-12-03,710,42:2000e  ,,,n,2021-08-26
48094,3:21-cv-00545-jdp                       ,21,jdp ,2021-08-26,,1 ,,550,42:1983pr ,,,y,2021-08-26
48095,3:21-cv-00546-jdp                       ,21,jdp ,2021-08-26,,1 ,2022-07-13,440,42:1983cv ,,,y,2021-08-26
48096,3:21-cv-00547-jdp                       ,21,jdp ,2021-08-26,,1 ,2022-07-13,440,42:1983cv ,,,y,2021-08-26
48097,3:21-cv-00548-jdp                       ,21,jdp ,2021-08-27,,1 ,2022-09-28,791,29:1132   ,,,n,2021-08-27
48098,3:21-cv-00549-jdp                       ,21,jdp ,2021-08-27,,1 ,2022-10-31,442,29:0791   ,,,n,2021-08-27
48099,3:21-cv-00550-jdp                       ,21,jdp ,2021-08-27,,1 ,2023-02-10,820,17:0101   ,,,n,2021-08-27
48100,3:21-cv-00551-jdp                       ,21,jdp ,2021-08-27,,1 ,2022-01-12,190,28:1332oc ,2,1,n,2021-08-27
48111,3:21-cv-00553-wmc                       ,21,wmc ,2021-08-31,,2 ,2022-01-06,110,28:1332in ,1,5,n,2021-08-31
48112,3:21-cv-00554-wmc                       ,21,wmc ,2021-09-01,,1 ,2022-03-02,480,15:1692   ,,,n,2021-09-01
48126,3:21-cv-00555-jdp                       ,21,jdp ,2021-09-02,,1 ,,440,42:1983cv ,,,y,2021-09-02
48128,3:21-cv-00556-wmc                       ,21,wmc ,2021-09-03,,1 ,2022-03-07,791,29:1132   ,,,n,2021-09-03
48129,3:21-cv-00557-wmc                       ,21,wmc ,2021-09-03,,1 ,2023-04-12,625,21:0881   ,,,y,2021-09-03
48131,3:21-cv-00558-jdp                       ,21,jdp ,2021-09-07,,1 ,2021-11-02,550,42:1983pr ,,,y,2021-09-07
48132,3:21-cv-00559-wmc                       ,21,wmc ,2021-09-07,,1 ,,864,42:0405id ,,,n,2021-09-07
48133,3:21-cv-00560-wmc                       ,21,wmc ,2021-09-07,,1 ,,446,42:1983cv ,,,n,2021-09-07
48134,3:21-cv-00561-wmc                       ,21,wmc ,2021-09-07,,1 ,2022-09-09,350,28:1346tc ,,,n,2021-09-07
48135,3:21-cv-00562-jdp                       ,21,jdp ,2021-09-08,,1 ,,550,42:1983pr ,,,y,2021-09-08
48138,3:21-cv-00563-wmc                       ,21,wmc ,2021-09-08,,1 ,2021-12-10,465,28:1651mn ,,,n,2021-09-08
48139,3:21-cv-00564-jdp                       ,21,jdp ,2021-09-09,,1 ,2022-09-14,864,42:0405id ,,,n,2021-09-09
48140,3:21-cv-00565-wmc                       ,21,wmc ,2021-09-09,,1 ,,440,42:1983cv ,,,n,2021-09-09
48145,3:21-cv-00566-slc                       ,21,slc ,2021-09-10,,1 ,2021-12-17,380,28:1346tc ,,,n,2021-09-10
48146,3:21-cv-00567-wmc                       ,21,wmc ,2021-09-10,,1 ,2021-10-27,550,42:1983pr ,,,y,2021-09-10
48147,3:21-cv-00568-wmc                       ,21,wmc ,2021-09-10,,1 ,2021-10-27,550,42:1983pr ,,,y,2021-09-10
48148,3:21-cv-00569-slc                       ,21,slc ,2021-09-10,,1 ,2022-03-15,864,42:0405id ,,,n,2021-09-10
48154,3:21-cv-00570-wmc                       ,21,wmc ,2021-09-13,,1 ,2022-09-29,864,42:0405id ,,,y,2021-09-13
48155,3:21-cv-00571-jdp                       ,21,jdp ,2021-09-13,,1 ,2023-02-21,365,28:1332pl ,1,5,n,2021-09-13
48158,3:21-cv-00572-wmc                       ,21,wmc ,2021-09-13,,1 ,2022-03-24,480,15:1681   ,,,n,2021-09-13
48162,3:21-cv-00573-jdp                       ,21,jdp ,2021-09-13,,1 ,2021-10-14,550,42:1983pr ,,,y,2021-09-13
48163,3:21-cv-00574-wmc                       ,21,wmc ,2021-09-13,,1 ,,550,42:1983pr ,,,y,2021-09-13
48164,3:21-cv-00576-jdp                       ,21,jdp ,2021-09-13,,1 ,2021-12-20,710,29:0201do ,,,n,2021-09-13
48165,3:21-cv-00575-wmc                       ,21,wmc ,2021-09-13,,1 ,,550,42:1983pr ,,,n,2021-09-13
48167,3:21-cv-00578-wmc                       ,21,wmc ,2021-09-13,,1 ,2021-11-24,510,28:2255   ,,,y,2021-09-13
48166,3:21-cv-00577-jdp                       ,21,jdp ,2021-09-14,,1 ,2022-01-11,710,29:0206   ,,,n,2021-09-14
48168,3:21-cv-00579-jdp                       ,21,jdp ,2021-09-14,,1 ,2022-06-08,442,42:2000e  ,,,n,2021-09-14
48169,3:21-cv-00580-jdp                       ,21,jdp ,2021-09-14,,1 ,,791,29:1132   ,,,n,2021-09-14
48170,3:21-cv-00581-wmc                       ,21,wmc ,2021-09-15,,2 ,2021-10-06,195,28:1441pl ,,,n,2021-09-15
48171,3:21-cv-00582-bbc                       ,21,bbc ,2021-09-15,,1 ,2021-11-12,550,42:1983pr ,,,y,2021-09-15
48172,3:21-cv-00583-slc                       ,21,slc ,2021-09-15,,2 ,2022-11-09,110,28:1332bc ,1,5,n,2021-09-15
48173,3:21-cv-00584-jdp                       ,21,jdp ,2021-09-15,,1 ,2022-03-17,480,15:1681   ,,,n,2021-09-15
48177,3:21-cv-00585-wmc                       ,21,wmc ,2021-09-16,,1 ,2022-03-14,445,42:12101  ,,,n,2021-09-16
48178,3:21-cv-00586-jdp                       ,21,jdp ,2021-09-16,,1 ,2022-06-27,791,29:1132   ,,,n,2021-09-16
48179,3:21-cv-00587-jdp                       ,21,jdp ,2021-09-16,,1 ,2022-12-02,530,28:2241   ,,,n,2021-09-16
48180,3:21-cv-00588-jdp                       ,21,jdp ,2021-09-16,,1 ,2022-07-12,550,42:1983pr ,,,y,2021-09-16
48181,3:21-cv-00589-wmc                       ,21,wmc ,2021-09-16,,2 ,2021-11-09,190,28:1332oc ,4,5,n,2021-09-16
48184,3:21-cv-00590-jdp                       ,21,jdp ,2021-09-16,,1 ,2022-01-27,550,42:1983pr ,,,y,2021-09-16
48185,3:21-cv-00591-wmc                       ,21,wmc ,2021-09-17,,1 ,2022-07-05,550,42:1983pr ,,,y,2021-09-17
48188,3:21-cv-00592-wmc                       ,21,wmc ,2021-09-17,,1 ,,791,29:1132   ,,,n,2021-09-17
48189,3:21-cv-00593-wmc                       ,21,wmc ,2021-09-20,,1 ,,550,42:1983pr ,,,n,2021-09-20
48190,3:21-cv-00594-jdp                       ,21,jdp ,2021-09-20,,1 ,2022-05-19,465,05:0702   ,,,n,2021-09-20
48192,3:21-cv-00595-wmc                       ,21,wmc ,2021-09-20,,1 ,,510,28:2255   ,,,y,2021-09-20
48196,3:21-cv-00597-jdp                       ,21,jdp ,2021-09-21,,1 ,2022-04-26,893,28:1362ic ,,,n,2021-09-21
48197,3:21-cv-00596-wmc                       ,21,wmc ,2021-09-21,,1 ,2021-11-24,480,15:1692   ,,,n,2021-09-21
48200,3:21-cv-00598-jdp                       ,21,jdp ,2021-09-22,2022-01-10,4 ,2022-08-03,550,42:1983pr ,,,y,2022-01-10
48200,3:21-cv-00598-jdp                       ,21,jdp ,2021-09-22,2022-01-10,4 ,2022-08-03,550,42:1983pr ,,,y,2022-01-10
48204,3:21-cv-00599-jdp                       ,21,jdp ,2021-09-22,,1 ,2022-08-16,110,28:1332in ,1,5,n,2021-09-22
48218,3:21-cv-00600-wmc                       ,21,wmc ,2021-09-22,,1 ,2022-07-27,530,28:2254   ,,,y,2021-09-22
48225,3:21-cv-00601-jdp                       ,21,jdp ,2021-09-23,,1 ,2021-11-18,850,15:0077   ,,,n,2021-09-23
48226,3:21-cv-00602-wmc                       ,21,wmc ,2021-09-23,,1 ,2022-09-30,880,18:1836a  ,,,y,2021-09-23
48229,3:21-cv-00603-jdp                       ,21,jdp ,2021-09-24,,1 ,2022-10-07,440,42:1983cv ,,,n,2021-09-24
48230,3:21-cv-00604-wmc                       ,21,wmc ,2021-09-24,,1 ,2021-12-17,864,42:0405id ,,,n,2021-09-24
48231,3:21-cv-00605-wmc                       ,21,wmc ,2021-09-24,,1 ,2021-11-12,485,47:227    ,,,n,2021-09-24
48232,3:21-cv-00606-wmc                       ,21,wmc ,2021-09-24,2021-11-30,4 ,,550,42:1983pr ,,,y,2021-11-30
48232,3:21-cv-00606-wmc                       ,21,wmc ,2021-09-24,2021-11-30,4 ,,550,42:1983pr ,,,y,2021-11-30
48236,3:21-cv-00610-jdp                       ,21,jdp ,2021-09-24,,1 ,2021-10-25,550,42:1983pr ,,,y,2021-09-24
48233,3:21-cv-00607-wmc                       ,21,wmc ,2021-09-27,,1 ,2021-11-24,485,47:227    ,,,n,2021-09-27
48234,3:21-cv-00608-slc                       ,21,slc ,2021-09-27,,1 ,2023-05-08,446,29:1132   ,,,n,2021-09-27
48235,3:21-cv-00609-wmc                       ,21,wmc ,2021-09-27,,1 ,2022-12-01,530,28:2254   ,,,y,2021-09-27
48237,3:21-cv-00611-jdp                       ,21,jdp ,2021-09-28,,1 ,2023-04-26,440,42:1981jb ,,,n,2021-09-28
48238,3:21-cv-00612-slc                       ,21,slc ,2021-09-28,,1 ,2021-10-28,480,15:1692   ,,,n,2021-09-28
48239,3:21-cv-00613-wmc                       ,21,wmc ,2021-09-28,,1 ,2021-11-23,840,15:1125   ,,,n,2021-09-28
48240,3:21-cv-00614-jdp                       ,21,jdp ,2021-09-28,,2 ,2022-12-13,190,15:2301   ,,,n,2021-09-28
48241,3:21-cv-00615-jdp                       ,21,jdp ,2021-09-29,,5 ,2022-05-02,385,28:1332pl ,4,5,n,2021-09-29
48242,3:21-cv-00616-wmc                       ,21,wmc ,2021-09-29,,1 ,2021-12-02,550,42:1983pr ,,,y,2021-09-29
48243,3:21-cv-00617-wmc                       ,21,wmc ,2021-09-29,,1 ,2022-02-14,480,15:1692   ,,,n,2021-09-29
48245,3:21-cv-00618-wmc                       ,21,wmc ,2021-09-30,,1 ,2021-12-09,190,28:2201dj ,2,1,n,2021-09-30
48246,3:21-cv-00619-wmc                       ,21,wmc ,2021-10-01,,1 ,2022-07-28,480,15:1692   ,,,n,2021-10-01
48247,3:21-cv-00620-jdp                       ,21,jdp ,2021-10-01,,1 ,2022-02-22,550,42:1983pr ,,,y,2021-10-01
48248,3:21-cv-00621-jdp                       ,21,jdp ,2021-10-01,,2 ,2022-09-16,110,28:1332bc ,1,5,n,2021-10-01
48250,3:21-cv-00622-jdp                       ,21,jdp ,2021-10-04,,1 ,,190,28:1332ss ,4,5,n,2021-10-04
48251,3:21-cv-00623-wmc                       ,21,wmc ,2021-10-04,,2 ,2022-02-16,110,28:1441in ,1,5,n,2021-10-04
48254,3:21-cv-00626-jdp                       ,21,jdp ,2021-10-04,,1 ,2023-04-04,440,42:1983cv ,,,y,2021-10-04
48256,3:21-cv-00628-wmc                       ,21,wmc ,2021-10-04,,1 ,2022-02-16,440,42:1983cv ,,,y,2021-10-04
48252,3:21-cv-00624-bbc                       ,21,bbc ,2021-10-05,,1 ,2022-04-05,550,42:1983pr ,,,y,2021-10-05
48253,3:21-cv-00625-wmc                       ,21,wmc ,2021-10-05,,1 ,2022-07-20,440,42:1983cv ,,,n,2021-10-05
48255,3:21-cv-00627-wmc                       ,21,wmc ,2021-10-05,,1 ,2022-04-15,530,28:2254   ,,,y,2021-10-05
48263,3:21-cv-00629-bbc                       ,21,bbc ,2021-10-06,,1 ,2021-11-12,550,42:1983pr ,,,y,2021-10-06
48264,3:21-cv-00630-wmc                       ,21,wmc ,2021-10-06,,1 ,2022-10-04,440,42:1983cv ,,,n,2021-10-06
48265,3:21-cv-00631-wmc                       ,21,wmc ,2021-10-06,,1 ,,530,28:2254   ,,,y,2021-10-06
48273,3:21-cv-00635-wmc                       ,21,wmc ,2021-10-06,,1 ,,440,42:1983cv ,,,y,2021-10-06
48270,3:21-cv-00632-wmc                       ,21,wmc ,2021-10-07,,1 ,2022-10-19,625,21:0881au ,,,n,2021-10-07
48271,3:21-cv-00633-jdp                       ,21,jdp ,2021-10-07,,1 ,2022-07-14,510,28:2255   ,,,y,2021-10-07
48272,3:21-cv-00634-wmc                       ,21,wmc ,2021-10-08,,1 ,,440,28:1331   ,,,n,2021-10-08
48274,3:21-cv-00636-jdp                       ,21,jdp ,2021-10-08,,1 ,2023-05-24,550,42:1983pr ,,,y,2021-10-08
48277,3:21-cv-00638-wmc                       ,21,wmc ,2021-10-08,,1 ,2021-11-15,550,42:1983pr ,,,y,2021-10-08
48279,3:21-cv-00640-wmc                       ,21,wmc ,2021-10-08,,1 ,2022-01-06,560,42:1983cv ,,,y,2021-10-08
48276,3:21-cv-00637-wmc                       ,21,wmc ,2021-10-11,,1 ,2022-03-15,440,42:1983cv ,,,n,2021-10-11
48278,3:21-cv-00639-jdp                       ,21,jdp ,2021-10-12,,1 ,2021-12-16,380,28:1346tc ,,,n,2021-10-12
48282,3:21-cv-00642-jdp                       ,21,jdp ,2021-10-12,,1 ,2023-02-17,442,42:2000sx ,,,n,2021-10-12
48283,3:21-cv-00643-wmc                       ,21,wmc ,2021-10-13,,1 ,,530,28:2254   ,,,y,2021-10-13
48288,3:21-cv-00644-slc                       ,21,slc ,2021-10-13,,1 ,2022-01-04,480,15:1681   ,,,n,2021-10-13
48291,3:21-cv-00645-jdp                       ,21,jdp ,2021-10-13,,1 ,2022-01-27,550,42:1983pr ,,,y,2021-10-13
48298,3:21-cv-00646-jdp                       ,21,jdp ,2021-10-14,,1 ,2022-01-07,840,15:1114   ,,,n,2021-10-14
48299,3:21-cv-00647-jdp                       ,21,jdp ,2021-10-14,,1 ,2022-03-08,791,29:1132   ,,,n,2021-10-14
48300,3:21-cv-00648-jdp                       ,21,jdp ,2021-10-14,,2 ,2022-06-21,480,15:1681   ,,,n,2021-10-14
48301,3:21-cv-00649-jdp                       ,21,jdp ,2021-10-14,,1 ,2023-04-26,863,42:0405wc ,,,n,2021-10-14
48302,3:21-cv-00650-jdp                       ,21,jdp ,2021-10-15,2022-12-07,4 ,,440,42:1983cv ,,,y,2022-12-07
48305,3:21-cv-00652-wmc                       ,21,wmc ,2021-10-15,,2 ,2021-11-15,480,12:1821   ,,,n,2021-10-15
48306,3:21-cv-00653-jdp                       ,21,jdp ,2021-10-15,,1 ,2022-10-24,190,28:1332bc ,5,1,n,2021-10-15
48307,3:21-cv-00651-jdp                       ,21,jdp ,2021-10-15,,1 ,2023-03-29,550,42:1983pr ,,,y,2021-10-15
48308,3:21-cv-00654-jdp                       ,21,jdp ,2021-10-15,,2 ,2021-11-08,555,42:1983cv ,,,y,2021-10-15
48309,3:21-cv-00655-wmc                       ,21,wmc ,2021-10-15,,1 ,2021-11-18,380,28:1332pd ,5,5,n,2021-10-15
48310,3:21-cv-00657-wmc                       ,21,wmc ,2021-10-18,,1 ,,840,15:1125   ,,,n,2021-10-18
48315,3:21-cv-00658-jdp                       ,21,jdp ,2021-10-18,,1 ,2023-03-09,530,28:2254   ,,,y,2021-10-18
48318,3:21-cv-00659-jdp                       ,21,jdp ,2021-10-18,,1 ,,530,28:2254   ,,,y,2021-10-18
48319,3:21-cv-00660-jdp                       ,21,jdp ,2021-10-19,,1 ,2022-06-28,791,29:1362   ,,,n,2021-10-19
48320,3:21-cv-00661-wmc                       ,21,wmc ,2021-10-19,,2 ,2022-12-12,360,28:1332pi ,1,5,n,2021-10-19
48321,3:21-cv-00656-jdp                       ,21,jdp ,2021-10-19,,1 ,2023-03-13,550,42:1983pr ,,,y,2021-10-19
48322,3:21-cv-00662-wmc                       ,21,wmc ,2021-10-19,,1 ,2022-04-08,710,29:0201do ,,,n,2021-10-19
48323,3:21-cv-00663-slc                       ,21,slc ,2021-10-20,,1 ,2021-12-23,480,15:1681   ,,,n,2021-10-20
48330,3:21-cv-00664-wmc                       ,21,wmc ,2021-10-21,,1 ,,550,42:1983pr ,,,n,2021-10-21
48331,3:21-cv-00665-jdp                       ,21,jdp ,2021-10-21,,1 ,2023-03-15,550,42:1983pr ,,,y,2021-10-21
48332,3:21-cv-00666-jdp                       ,21,jdp ,2021-10-21,,1 ,2022-07-07,791,29:1132   ,,,n,2021-10-21
48333,3:21-cv-00667-jdp                       ,21,jdp ,2021-10-22,,2 ,2022-03-27,365,28:1332pi ,1,5,n,2021-10-22
48336,3:21-cv-00669-jdp                       ,21,jdp ,2021-10-22,,1 ,2022-01-25,550,42:1983pr ,,,y,2021-10-22
48337,3:21-cv-00668-wmc                       ,21,wmc ,2021-10-22,,1 ,2022-03-21,485,47:227    ,,,y,2021-10-22
48340,3:21-cv-00672-wmc                       ,21,wmc ,2021-10-22,,1 ,2022-04-20,510,28:2255   ,,,y,2021-10-22
48338,3:21-cv-00670-jdp                       ,21,jdp ,2021-10-25,,1 ,2023-03-20,190,28:1332ac ,5,4,n,2021-10-25
48339,3:21-cv-00671-wmc                       ,21,wmc ,2021-10-25,,2 ,2022-10-06,791,29:1132   ,,,n,2021-10-25
48347,3:21-cv-00673-slc                       ,21,slc ,2021-10-25,,1 ,2023-01-10,360,28:1332pi ,2,1,n,2021-10-25
48348,3:21-cv-00674-jdp                       ,21,jdp ,2021-10-26,,1 ,2021-12-03,550,42:1983pr ,,,y,2021-10-26
48349,3:21-cv-00675-wmc                       ,21,wmc ,2021-10-26,,1 ,2021-12-29,480,15:1692   ,,,n,2021-10-26
48350,3:21-cv-00676-jdp                       ,21,jdp ,2021-10-26,,2 ,,440,42:1983cv ,,,n,2021-10-26
48351,3:21-cv-00677-jdp                       ,21,jdp ,2021-10-26,,1 ,2022-08-19,365,28:1332pl ,2,1,n,2021-10-26
48352,3:21-cv-00678-jdp                       ,21,jdp ,2021-10-27,,2 ,2022-02-01,367,21:0880   ,,,n,2021-10-27
48353,3:21-cv-00679-wmc                       ,21,wmc ,2021-10-27,,2 ,,550,42:1983cv ,,,y,2021-10-27
48354,3:21-cv-00680-jdp                       ,21,jdp ,2021-10-27,,2 ,2023-03-28,480,15:1681   ,,,n,2021-10-27
48364,3:21-cv-00681-wmc                       ,21,wmc ,2021-10-28,,1 ,2023-04-10,550,42:1983pr ,,,y,2021-10-28
48367,3:21-cv-00682-wmc                       ,21,wmc ,2021-10-29,,1 ,2022-07-08,625,21:0881   ,,,n,2021-10-29
48368,3:21-cv-00683-jdp                       ,21,jdp ,2021-10-29,,1 ,,440,42:1983cv ,,,n,2021-10-29
48369,3:21-cv-00685-jdp                       ,21,jdp ,2021-11-01,,1 ,2022-01-14,550,42:1983pr ,,,y,2021-11-01
48370,3:21-cv-00686-jdp                       ,21,jdp ,2021-11-01,,1 ,2022-04-04,480,15:1692   ,,,y,2021-11-01
48371,3:21-cv-00687-jdp                       ,21,jdp ,2021-11-01,,1 ,2022-04-04,480,15:1692   ,,,y,2021-11-01
48372,3:21-cv-00684-wmc                       ,21,wmc ,2021-11-01,,1 ,,550,42:1983pr ,,,y,2021-11-01
48373,3:21-cv-00688-jdp                       ,21,jdp ,2021-11-01,,1 ,2022-07-15,440,42:1983cv ,,,n,2021-11-01
48375,3:21-cv-00689-jdp                       ,21,jdp ,2021-11-02,,1 ,2022-03-14,840,15:1051   ,,,n,2021-11-02
48382,3:21-cv-00690-wmc                       ,21,wmc ,2021-11-02,,1 ,2023-01-20,330,45:0051   ,,,n,2021-11-02
48383,3:21-cv-00691-slc                       ,21,slc ,2021-11-02,,1 ,2022-02-02,446,42:12101  ,,,n,2021-11-02
48384,3:21-cv-00692-jdp                       ,21,jdp ,2021-11-02,,1 ,2022-07-22,446,42:12101  ,,,n,2021-11-02
48385,3:21-cv-00693-jdp                       ,21,jdp ,2021-11-03,,1 ,2022-07-22,442,42:2000e  ,,,n,2021-11-03
48386,3:21-cv-00694-wmc                       ,21,wmc ,2021-11-04,,1 ,,550,42:1983pr ,,,y,2021-11-04
48393,3:21-cv-00695-wmc                       ,21,wmc ,2021-11-05,,2 ,2022-12-15,350,28:1441au ,,,n,2021-11-05
48394,3:21-cv-00696-wmc                       ,21,wmc ,2021-11-05,,2 ,2023-03-23,442,42:1981cv ,,,n,2021-11-05
48403,3:21-cv-00707-wmc                       ,21,wmc ,2021-11-05,,1 ,2022-04-27,510,28:2255   ,,,y,2021-11-05
48395,3:21-cv-00697-wmc                       ,21,wmc ,2021-11-08,,1 ,,865,42:0402   ,,,n,2021-11-08
48396,3:21-cv-00698-jdp                       ,21,jdp ,2021-11-08,,1 ,2023-01-23,530,28:2254   ,,,y,2021-11-08
48397,3:21-cv-00700-slc                       ,21,slc ,2021-11-08,,1 ,2022-02-04,362,28:1346wd ,,,n,2021-11-08
48398,3:21-cv-00699-wmc                       ,21,wmc ,2021-11-08,,1 ,2021-12-10,550,42:1983pr ,,,y,2021-11-08
48399,3:21-cv-00701-wmc                       ,21,wmc ,2021-11-08,,1 ,2022-08-10,110,28:1332ac ,2,4,n,2021-11-08
48400,3:21-cv-00702-wmc                       ,21,wmc ,2021-11-08,,1 ,2022-12-20,864,42:0405id ,,,n,2021-11-08
48401,3:21-cv-00705-wmc                       ,21,wmc ,2021-11-08,,1 ,2022-10-24,445,42:12101  ,,,n,2021-11-08
48402,3:21-cv-00706-wmc                       ,21,wmc ,2021-11-08,,1 ,,863,42:0405wc ,,,n,2021-11-08
48404,3:21-cv-00703-jdp                       ,21,jdp ,2021-11-08,,1 ,2023-01-20,440,42:1983cv ,,,y,2021-11-08
48405,3:21-cv-00704-jdp                       ,21,jdp ,2021-11-08,,1 ,,440,42:1983cv ,,,y,2021-11-08
48406,21-708,21,wmc ,2021-11-09,,,,550,42:1983pr ,,,n,2021-11-09
48407,3:21-cv-00709-jdp                       ,21,jdp ,2021-11-09,,1 ,,864,42:0405id ,,,n,2021-11-09
48419,3:21-cv-00710-jdp                       ,21,jdp ,2021-11-10,,1 ,2022-06-10,510,28:2255   ,,,y,2021-11-10
48420,3:21-cv-00711-jdp                       ,21,jdp ,2021-11-11,,1 ,2023-03-13,365,28:1332pl ,1,2,n,2021-11-11
48421,3:21-cv-00712-wmc                       ,21,wmc ,2021-11-11,,1 ,2022-04-06,791,29:1132   ,,,n,2021-11-11
48422,3:21-cv-00713-jdp                       ,21,jdp ,2021-11-11,,2 ,2022-11-04,385,28:1332ac ,5,5,n,2021-11-11
48423,3:21-cv-00714-wmc                       ,21,wmc ,2021-11-11,,1 ,,864,42:0402   ,,,n,2021-11-11
48424,3:21-cv-00715-wmc                       ,21,wmc ,2021-11-12,,2 ,2022-07-07,190,28:1332bc ,1,5,n,2021-11-12
48429,3:21-cv-00716-jdp                       ,21,jdp ,2021-11-12,2021-11-30,4 ,2023-06-01,550,42:1983pr ,,,y,2021-11-30
48429,3:21-cv-00716-jdp                       ,21,jdp ,2021-11-12,2021-11-30,4 ,2023-06-01,550,42:1983pr ,,,y,2021-11-30
48430,21-717,21,wmc ,2021-11-12,,,,550,42:1983pr ,,,n,2021-11-12
48431,21-718,21,wmc ,2021-11-12,,,,550,42:1983pr ,,,n,2021-11-12
48432,3:21-cv-00719-wmc                       ,21,wmc ,2021-11-12,,2 ,2022-10-20,480,15:1692   ,,,n,2021-11-12
48433,3:21-cv-00720-jdp                       ,21,jdp ,2021-11-12,,1 ,,870,28:1346rc ,,,n,2021-11-12
48434,3:21-cv-00721-wmc                       ,21,wmc ,2021-11-12,,1 ,2023-01-27,440,42:1983cv ,,,n,2021-11-12
48435,3:21-cv-00722-wmc                       ,21,wmc ,2021-11-15,,1 ,,550,42:1983pr ,,,y,2021-11-15
48438,3:21-cv-00723-jdp                       ,21,jdp ,2021-11-15,,1 ,2022-01-18,550,42:1983pr ,,,y,2021-11-15
48439,3:21-cv-00724-jdp                       ,21,jdp ,2021-11-15,,1 ,2022-02-03,530,28:2241   ,,,y,2021-11-15
48440,3:21-cv-00725-jdp                       ,21,jdp ,2021-11-16,,1 ,,530,28:2254   ,,,n,2021-11-16
48444,3:21-cv-00726-jdp                       ,21,jdp ,2021-11-16,,2 ,2022-09-16,365,28:1332pl ,1,5,n,2021-11-16
48445,3:21-cv-00727-slc                       ,21,slc ,2021-11-17,,1 ,,550,42:1983pr ,,,y,2021-11-17
48446,3:21-cv-00728-jdp                       ,21,jdp ,2021-11-17,,1 ,2022-03-31,550,42:1983pr ,,,y,2021-11-17
48447,3:21-cv-00729-wmc                       ,21,wmc ,2021-11-17,,1 ,2021-11-19,865,42:0402   ,,,n,2021-11-17
48466,3:21-cv-00730-slc                       ,21,slc ,2021-11-17,,1 ,2022-01-18,465,05:0702   ,,,n,2021-11-17
48475,3:21-cv-00731-wmc                       ,21,wmc ,2021-11-18,,2 ,2023-03-23,480,15:1681   ,,,n,2021-11-18
48476,3:21-cv-00732-wmc                       ,21,wmc ,2021-11-18,,5 ,2022-10-31,550,42:1983pr ,,,y,2021-11-18
48479,3:21-cv-00733-wmc                       ,21,wmc ,2021-11-19,,1 ,2021-12-15,190,28:1332bc ,2,2,n,2021-11-19
48480,3:21-cv-00734-jdp                       ,21,jdp ,2021-11-19,,2 ,2023-03-02,350,28:1332tm ,1,5,n,2021-11-19
48481,3:21-cv-00735-wmc                       ,21,wmc ,2021-11-19,,1 ,2021-12-23,550,42:1983pr ,,,y,2021-11-19
48483,3:21-cv-00736-jdp                       ,21,jdp ,2021-11-19,,2 ,2022-01-21,365,28:1332pi ,1,5,n,2021-11-19
48488,3:21-cv-00741-wmc                       ,21,wmc ,2021-11-22,,1 ,2022-09-13,899,42:1395   ,,,n,2021-11-22
48484,3:21-cv-00737-jdp                       ,21,jdp ,2021-11-22,,1 ,2022-04-19,791,29:1132   ,,,n,2021-11-22
48485,3:21-cv-00738-jdp                       ,21,jdp ,2021-11-22,,1 ,2022-04-29,864,42:0405id ,,,n,2021-11-22
48486,3:21-cv-00739-wmc                       ,21,wmc ,2021-11-22,,1 ,2022-04-26,864,42:0405id ,,,n,2021-11-22
48491,3:21-cv-00742-wmc                       ,21,wmc ,2021-11-23,2022-02-15,4 ,,550,42:1983pr ,,,y,2022-02-15
48491,3:21-cv-00742-wmc                       ,21,wmc ,2021-11-23,2022-02-15,4 ,,550,42:1983pr ,,,y,2022-02-15
48492,3:21-cv-00743-bbc                       ,21,bbc ,2021-11-23,,1 ,2022-08-26,863,42:0405wc ,,,n,2021-11-23
48493,3:21-cv-00744-wmc                       ,21,wmc ,2021-11-23,,1 ,,550,42:1983pr ,,,y,2021-11-23
48494,3:21-cv-00745-wmc                       ,21,wmc ,2021-11-23,,1 ,2022-12-15,550,42:1983pr ,,,y,2021-11-23
48498,3:21-cv-00746-wmc                       ,21,wmc ,2021-11-24,,1 ,,480,15:1692   ,,,y,2021-11-24
48499,3:21-cv-00747-wmc                       ,21,wmc ,2021-11-29,,1 ,2022-04-27,360,28:1332pi ,2,4,n,2021-11-29
48500,3:21-cv-00748-wmc                       ,21,wmc ,2021-11-29,,1 ,2022-04-27,360,28:1332pi ,2,4,n,2021-11-29
48501,3:21-cv-00749-wmc                       ,21,wmc ,2021-11-29,,1 ,2022-04-27,360,28:1332pi ,2,4,n,2021-11-29
48502,3:21-cv-00750-wmc                       ,21,wmc ,2021-11-29,,1 ,2022-04-27,360,28:1332pi ,2,4,n,2021-11-29
48503,3:21-cv-00751-wmc                       ,21,wmc ,2021-11-29,,1 ,2022-04-27,360,28:1332pi ,2,4,n,2021-11-29
48504,3:21-cv-00752-jdp                       ,21,jdp ,2021-11-29,,1 ,,530,28:2254   ,,,n,2021-11-29
48505,3:21-cv-00753-wmc                       ,21,wmc ,2021-11-29,,1 ,2022-02-23,350,28:1331tt ,,,n,2021-11-29
48509,3:21-cv-00755-wmc                       ,21,wmc ,2021-11-30,,1 ,2022-09-23,440,42:1983cv ,,,y,2021-11-30
48510,3:21-cv-00756-jdp                       ,21,jdp ,2021-11-30,,1 ,2022-01-21,550,42:1983pr ,,,y,2021-11-30
48511,3:21-cv-00754-wmc                       ,21,wmc ,2021-11-30,,1 ,2022-02-28,470,18:1962   ,,,n,2021-11-30
48512,3:21-cv-00757-jdp                       ,21,jdp ,2021-11-30,,1 ,2022-01-10,550,42:1983pr ,,,y,2021-11-30
48515,3:21-cv-00758-jdp                       ,21,jdp ,2021-11-30,,1 ,2021-12-17,550,42:1983pr ,,,y,2021-11-30
48516,3:21-cv-00759-jdp                       ,21,jdp ,2021-11-30,,1 ,,550,42:1983pr ,,,y,2021-11-30
48521,3:21-cv-00760-jdp                       ,21,jdp ,2021-12-01,,1 ,2022-12-09,820,17:0101   ,,,n,2021-12-01
48526,3:21-cv-00762-jdp                       ,21,jdp ,2021-12-02,,1 ,2022-03-28,899,05:0702   ,,,n,2021-12-02
48529,3:21-cv-00761-wmc                       ,21,wmc ,2021-12-02,,1 ,,550,42:1983pr ,,,y,2021-12-02
48530,3:21-cv-00763-jdp                       ,21,jdp ,2021-12-02,,1 ,2022-07-08,480,15:1681   ,,,n,2021-12-02
48531,3:21-cv-00764-jdp                       ,21,jdp ,2021-12-02,,1 ,,440,42:1983cv ,,,y,2021-12-02
48532,3:21-cv-00765-wmc                       ,21,wmc ,2021-12-03,,1 ,2022-05-23,791,29:1132   ,,,n,2021-12-03
48533,3:21-cv-00766-slc                       ,21,slc ,2021-12-03,,1 ,2022-04-14,865,42:0402   ,,,n,2021-12-03
48534,3:21-cv-00767-wmc                       ,21,wmc ,2021-12-03,,1 ,2021-12-20,365,28:1332pl ,1,5,n,2021-12-03
48535,3:21-cv-00768-jdp                       ,21,jdp ,2021-12-03,,1 ,2023-01-10,865,42:0402   ,,,n,2021-12-03
48538,3:21-cv-00770-jdp                       ,21,jdp ,2021-12-06,,1 ,2022-01-20,470,18:1961   ,,,n,2021-12-06
48539,3:21-cv-00769-jdp                       ,21,jdp ,2021-12-06,,1 ,2022-04-15,550,42:1983pr ,,,y,2021-12-06
48540,3:21-cv-00771-bbc                       ,21,bbc ,2021-12-06,,1 ,2022-04-05,550,42:1983pr ,,,y,2021-12-06
48541,3:21-cv-00772-wmc                       ,21,wmc ,2021-12-07,,1 ,,550,28:1983   ,,,y,2021-12-07
48542,3:21-cv-00773-jdp                       ,21,jdp ,2021-12-07,,1 ,2022-08-05,710,29:0201fl ,,,n,2021-12-07
48543,3:21-cv-00774-jdp                       ,21,jdp ,2021-12-07,,2 ,2023-01-12,350,28:1441tm ,1,5,n,2021-12-07
48551,3:21-cv-00775-jdp                       ,21,jdp ,2021-12-08,,1 ,2022-06-28,791,29:1132   ,,,n,2021-12-08
48552,3:21-cv-00776-wmc                       ,21,wmc ,2021-12-08,,1 ,2023-01-03,367,28:1332pl ,1,5,n,2021-12-08
48555,3:21-cv-00777-wmc                       ,21,wmc ,2021-12-09,,1 ,2022-01-10,480,15:1681   ,,,n,2021-12-09
48556,3:21-cv-00778-wmc                       ,21,wmc ,2021-12-09,,1 ,,863,42:0405wc ,,,n,2021-12-09
48557,3:21-cv-00779-wmc                       ,21,wmc ,2021-12-09,,1 ,2022-11-04,791,28:1001   ,,,n,2021-12-09
48558,3:21-cv-00780-wmc                       ,21,wmc ,2021-12-09,,1 ,2023-04-18,865,42:0402   ,,,n,2021-12-09
48559,3:21-cv-00782-wmc                       ,21,wmc ,2021-12-10,,1 ,2023-04-11,385,28:1332pd ,5,5,n,2021-12-10
48560,3:21-cv-00783-jdp                       ,21,jdp ,2021-12-10,,2 ,2022-01-11,190,28:1332bc ,1,2,n,2021-12-10
48561,3:21-cv-00781-wmc                       ,21,wmc ,2021-12-10,,1 ,2021-12-15,890,42:1983cv ,,,y,2021-12-10
48562,3:21-cv-00784-jdp                       ,21,jdp ,2021-12-10,,1 ,2022-01-27,550,42:1983pr ,,,y,2021-12-10
48563,3:21-cv-00785-jdp                       ,21,jdp ,2021-12-10,,1 ,2022-05-03,840,15:1114   ,,,n,2021-12-10
48564,3:21-cv-00786-jdp                       ,21,jdp ,2021-12-10,,2 ,,190,28:1332oc ,5,5,n,2021-12-10
48565,3:21-cv-00787-jdp                       ,21,jdp ,2021-12-10,,1 ,2022-03-30,840,15:1114   ,,,n,2021-12-10
48566,3:21-cv-00740-slc                       ,21,slc ,2021-12-13,,1 ,2022-01-20,791,29:1362   ,,,n,2021-12-13
48569,3:21-cv-00788-bbc                       ,21,bbc ,2021-12-13,,1 ,2022-03-02,440,42:1983cv ,,,y,2021-12-13
48572,3:21-cv-00789-jdp                       ,21,jdp ,2021-12-14,,1 ,2022-09-22,550,42:1983pr ,,,y,2021-12-14
48573,3:21-cv-00790-slc                       ,21,slc ,2021-12-15,,1 ,2022-03-02,440,42:1983cv ,,,n,2021-12-15
48576,3:21-cv-00791-wmc                       ,21,wmc ,2021-12-15,,1 ,2022-06-27,220,28:1345fc ,,,n,2021-12-15
48577,3:21-cv-00792-wmc                       ,21,wmc ,2021-12-15,,1 ,2022-02-11,550,42:1983pr ,,,y,2021-12-15
48578,3:21-cv-00794-jdp                       ,21,jdp ,2021-12-16,,1 ,2022-09-30,550,42:1983pr ,,,y,2021-12-16
48579,3:21-cv-00795-wmc                       ,21,wmc ,2021-12-16,,2 ,2022-01-26,140,28:1332ni ,1,5,y,2021-12-16
48582,3:21-cv-00796-jdp                       ,21,jdp ,2021-12-16,,5 ,2023-01-19,442,29:0621   ,,,n,2021-12-16
48583,3:21-cv-00798-jdp                       ,21,jdp ,2021-12-16,,2 ,2022-02-03,440,42:1983cv ,,,y,2021-12-16
48584,3:21-cv-00797-bbc                       ,21,bbc ,2021-12-16,,1 ,2022-04-14,530,28:2254   ,,,y,2021-12-16
48585,3:21-cv-00799-jdp                       ,21,jdp ,2021-12-17,,1 ,,550,42:1983pr ,,,n,2021-12-17
48586,3:21-cv-00800-wmc                       ,21,wmc ,2021-12-17,,1 ,2023-03-28,440,42:1983cv ,,,n,2021-12-17
48587,3:21-cv-00801-wmc                       ,21,wmc ,2021-12-20,,1 ,2022-06-15,865,42:0402   ,,,n,2021-12-20
48590,3:21-cv-00802-jdp                       ,21,jdp ,2021-12-20,,1 ,2022-10-31,442,42:1983ed ,,,y,2021-12-20
48591,3:21-cv-00803-wmc                       ,21,wmc ,2021-12-20,,1 ,,530,28:2254   ,,,y,2021-12-20
48599,3:21-cv-00804-bbc                       ,21,bbc ,2021-12-22,,1 ,2022-02-02,440,42:1983cv ,,,y,2021-12-22
48600,3:21-cv-00805-jdp                       ,21,jdp ,2021-12-22,,1 ,2022-08-18,441,42:1983cv ,,,n,2021-12-22
48601,3:21-cv-00806-wmc                       ,21,wmc ,2021-12-22,,1 ,2022-05-04,791,29:1132   ,,,n,2021-12-22
48602,3:21-cv-00807-bbc                       ,21,bbc ,2021-12-22,,1 ,2022-03-02,440,42:1983cv ,,,y,2021-12-22
48603,3:21-cv-00808-jdp                       ,21,jdp ,2021-12-23,,2 ,2022-07-13,365,28:1332pi ,1,2,n,2021-12-23
48604,3:21-cv-00809-jdp                       ,21,jdp ,2021-12-23,,1 ,,530,28:2254   ,,,n,2021-12-23
48605,3:21-cv-00810-jdp                       ,21,jdp ,2021-12-23,,2 ,2022-01-03,120,28:1441pr ,,,y,2021-12-23
48606,3:21-cv-00811-jdp                       ,21,jdp ,2021-12-23,,1 ,2022-01-03,120,09:0010   ,,,y,2021-12-23
48607,3:21-cv-00812-jdp                       ,21,jdp ,2021-12-24,,1 ,2022-02-15,485,47:227    ,,,n,2021-12-24
48608,3:21-cv-00813-wmc                       ,21,wmc ,2021-12-27,,1 ,,440,42:1983cv ,,,n,2021-12-27
48609,3:21-cv-00814-wmc                       ,21,wmc ,2021-12-27,,1 ,,864,42:0405id ,,,n,2021-12-27
48610,3:21-cv-00815-slc                       ,21,slc ,2021-12-27,,1 ,,865,42:0402   ,,,n,2021-12-27
48611,3:21-cv-00816-jdp                       ,21,jdp ,2021-12-28,,1 ,,710,29:0201fl ,,,n,2021-12-28
48612,3:21-cv-00817-jdp                       ,21,jdp ,2021-12-28,,1 ,,440,42:1983cv ,,,n,2021-12-28
48613,3:21-cv-00818-jdp                       ,21,jdp ,2021-12-29,,1 ,2022-05-13,791,29:1132   ,,,n,2021-12-29
48614,3:21-cv-00819-bbc                       ,21,bbc ,2021-12-29,,1 ,2022-01-28,440,28:1331b  ,,,y,2021-12-29
48615,3:21-cv-00820-jdp                       ,21,jdp ,2021-12-30,,2 ,2022-08-15,190,28:1332ds ,1,5,n,2021-12-30
48616,3:21-cv-00822-wmc                       ,21,wmc ,2021-12-30,,1 ,2022-11-14,422,28:1334   ,,,n,2021-12-30
48617,3:21-cv-00821-wmc                       ,21,wmc ,2021-12-30,2022-05-27,4 ,,530,28:2241   ,,,y,2022-05-27
48617,3:21-cv-00821-wmc                       ,21,wmc ,2021-12-30,2022-05-27,4 ,,530,28:2241   ,,,y,2022-05-27
48618,3:21-cv-00823-jdp                       ,21,jdp ,2021-12-30,,2 ,2022-10-05,110,28:1332bc ,1,5,n,2021-12-30
48619,3:22-cv-00001-jdp                       ,22,jdp ,2022-01-03,,1 ,2023-01-03,443,42:3601   ,,,n,2022-01-03
48620,3:22-cv-00002-jdp                       ,22,jdp ,2022-01-03,,1 ,2022-08-05,550,42:1983pr ,,,y,2022-01-03
48624,3:22-cv-00003-wmc                       ,22,wmc ,2022-01-03,,1 ,,440,42:1983cv ,,,y,2022-01-03
48625,3:22-cv-00004-jdp                       ,22,jdp ,2022-01-03,,1 ,,830,35:0271   ,,,n,2022-01-03
48626,3:22-cv-00005-wmc                       ,22,wmc ,2022-01-03,,1 ,,550,42:1983pr ,,,y,2022-01-03
48627,3:22-cv-00006-wmc                       ,22,wmc ,2022-01-03,,1 ,,550,42:1983pr ,,,y,2022-01-03
48628,3:22-cv-00007-jdp                       ,22,jdp ,2022-01-04,,1 ,2022-06-03,840,15:1114   ,,,n,2022-01-04
48629,3:22-cv-00008-slc                       ,22,slc ,2022-01-04,,1 ,2023-05-04,440,42:1983cv ,,,n,2022-01-04
48630,3:22-cv-00009-bbc                       ,22,bbc ,2022-01-05,,1 ,2022-05-18,442,42:1983cv ,,,n,2022-01-05
48631,3:22-cv-00010-jdp                       ,22,jdp ,2022-01-05,,2 ,2022-01-07,120,28:1444   ,,,y,2022-01-05
48634,3:22-cv-00011-wmc                       ,22,wmc ,2022-01-05,,1 ,2023-05-05,440,42:1983cv ,,,n,2022-01-05
48669,3:22-cv-00012-jdp                       ,22,jdp ,2022-01-07,,1 ,2022-05-17,625,21:0881   ,,,n,2022-01-07
48670,3:22-cv-00013-jdp                       ,22,jdp ,2022-01-07,,1 ,2022-05-26,110,28:1332bc ,1,5,n,2022-01-07
48671,3:22-cv-00015-wmc                       ,22,wmc ,2022-01-07,,1 ,2022-06-30,791,29:1362   ,,,n,2022-01-07
48672,3:22-cv-00016-jdp                       ,22,jdp ,2022-01-07,,2 ,2022-03-08,480,15:1692   ,,,n,2022-01-07
48673,3:22-cv-00014-wmc                       ,22,wmc ,2022-01-07,2022-09-27,4 ,2023-05-22,550,42:1983pr ,,,y,2022-09-27
48684,3:22-cv-00017-jdp                       ,22,jdp ,2022-01-07,,1 ,2022-02-16,550,42:1983pr ,,,y,2022-01-07
48687,3:22-cv-00018-jdp                       ,22,jdp ,2022-01-10,,1 ,2022-01-11,530,28:2254   ,,,y,2022-01-10
48689,3:22-cv-00020-jdp                       ,22,jdp ,2022-01-11,,1 ,2022-08-08,710,29:0201fl ,,,n,2022-01-11
48692,3:22-cv-00021-wmc                       ,22,wmc ,2022-01-11,,1 ,,530,28:2254   ,,,n,2022-01-11
48693,3:22-cv-00022-jdp                       ,22,jdp ,2022-01-11,,1 ,,550,42:1983pr ,,,y,2022-01-11
48694,3:22-cv-00023-slc                       ,22,slc ,2022-01-12,,1 ,2022-07-15,864,42:0405id ,,,n,2022-01-12
48695,3:22-cv-00024-wmc                       ,22,wmc ,2022-01-13,,1 ,,550,42:1983pr ,,,n,2022-01-13
48696,3:22-cv-00025-wmc                       ,22,wmc ,2022-01-14,,1 ,2022-05-04,190,28:1332bc ,,,y,2022-01-14
48698,3:22-cv-00026-jdp                       ,22,jdp ,2022-01-17,,1 ,2023-03-06,385,28:1332pl ,1,2,n,2022-01-17
48699,3:22-cv-00027-slc                       ,22,slc ,2022-01-17,,1 ,2023-02-24,864,42:0405id ,,,n,2022-01-17
48701,3:22-cv-00019-wmc                       ,22,wmc ,2022-01-18,,1 ,2022-11-30,440,42:1983cv ,,,y,2022-01-18
48702,3:22-cv-00028-wmc                       ,22,wmc ,2022-01-18,,1 ,2023-05-08,445,42:12101  ,,,n,2022-01-18
48707,3:22-cv-00029-wmc                       ,22,wmc ,2022-01-19,,1 ,,440,42:1983cv ,,,y,2022-01-19
48708,3:22-cv-00030-jdp                       ,22,jdp ,2022-01-19,,1 ,2022-01-27,550,42:1983pr ,,,y,2022-01-19
48709,3:22-cv-00031-jdp                       ,22,jdp ,2022-01-19,,1 ,2022-01-27,550,42:1983pr ,,,y,2022-01-19
48710,3:22-cv-00032-jdp                       ,22,jdp ,2022-01-19,,1 ,2022-01-27,550,42:1983pr ,,,y,2022-01-19
48713,3:22-cv-00035-jdp                       ,22,jdp ,2022-01-20,,1 ,2022-07-21,864,42:0405id ,,,n,2022-01-20
48712,3:22-cv-00034-jdp                       ,22,jdp ,2022-01-20,,1 ,2022-11-07,190,29:1132   ,,,n,2022-01-20
48714,3:22-cv-00036-jdp                       ,22,jdp ,2022-01-20,,1 ,,550,42:1983pr ,,,y,2022-01-20
48719,3:22-cv-00037-wmc                       ,22,wmc ,2022-01-21,,1 ,2022-07-25,440,42:1983cv ,,,n,2022-01-21
48720,3:22-cv-00038-bbc                       ,22,bbc ,2022-01-21,,1 ,2022-07-28,864,42:0405id ,,,n,2022-01-21
48728,3:22-cv-00040-wmc                       ,22,wmc ,2022-01-24,,1 ,2022-11-29,440,28:1331b  ,,,y,2022-01-24
48729,3:22-cv-00041-bbc                       ,22,bbc ,2022-01-24,,1 ,2022-07-01,550,42:1983pr ,,,y,2022-01-24
48731,3:22-cv-00043-wmc                       ,22,wmc ,2022-01-24,,1 ,2022-02-23,550,42:1983pr ,,,y,2022-01-24
48722,3:22-cv-00039-wmc                       ,22,wmc ,2022-01-25,,1 ,,442,29:0203   ,,,n,2022-01-25
48723,3:22-cv-00033-jdp                       ,22,jdp ,2022-01-25,,1 ,,440,42:1983cv ,,,n,2022-01-25
48730,3:22-cv-00042-wmc                       ,22,wmc ,2022-01-26,,2 ,,550,42:1983pr ,,,n,2022-01-26
48732,3:22-cv-00044-wmc                       ,22,wmc ,2022-01-26,,1 ,2022-06-21,480,15:1681   ,,,n,2022-01-26
48733,3:22-cv-00045-wmc                       ,22,wmc ,2022-01-26,,1 ,2022-06-01,710,29:0201fl ,,,n,2022-01-26
48744,3:22-cv-00046-slc                       ,22,slc ,2022-01-27,,1 ,2022-05-03,791,29:1132   ,,,n,2022-01-27
48745,3:22-cv-00047-jdp                       ,22,jdp ,2022-01-27,,1 ,,448,42:1983cv ,,,n,2022-01-27
48755,3:22-cv-00048-wmc                       ,22,wmc ,2022-01-28,,1 ,2022-07-22,820,17:0501   ,,,n,2022-01-28
48756,3:22-cv-00049-jdp                       ,22,jdp ,2022-01-28,,1 ,,360,28:1332pi ,2,5,n,2022-01-28
48757,3:22-cv-00050-wmc                       ,22,wmc ,2022-01-28,,1 ,2022-07-27,864,42:0405id ,,,n,2022-01-28
48758,3:22-cv-00051-jdp                       ,22,jdp ,2022-01-28,,1 ,,440,42:1983cv ,,,n,2022-01-28
48759,3:22-cv-00052-jdp                       ,22,jdp ,2022-01-28,,1 ,2022-08-18,864,42:0405id ,,,n,2022-01-28
48762,3:22-cv-00053-wmc                       ,22,wmc ,2022-02-01,,1 ,,442,28:1331ed ,,,y,2022-02-01
48763,3:22-cv-00054-wmc                       ,22,wmc ,2022-02-01,,1 ,,550,42:1983pr ,,,y,2022-02-01
48764,3:22-cv-00055-wmc                       ,22,wmc ,2022-02-02,,1 ,2022-07-07,480,15:1681   ,,,n,2022-02-02
48768,3:22-cv-00057-wmc                       ,22,wmc ,2022-02-02,,1 ,2022-02-18,440,42:1983cv ,,,y,2022-02-02
48765,3:22-cv-00056-jdp                       ,22,jdp ,2022-02-03,,1 ,2022-04-27,791,29:1132   ,,,n,2022-02-03
48769,3:22-cv-00058-wmc                       ,22,wmc ,2022-02-03,,1 ,2022-09-02,791,29:1132   ,,,n,2022-02-03
48774,3:22-cv-00059-jdp                       ,22,jdp ,2022-02-04,,1 ,2022-09-28,830,35:0271   ,,,n,2022-02-04
48780,3:22-cv-00060-jdp                       ,22,jdp ,2022-02-04,,1 ,2022-04-15,480,15:1681   ,,,n,2022-02-04
48781,3:22-cv-00061-slc                       ,22,slc ,2022-02-04,,1 ,2022-05-27,462,08:1447   ,,,n,2022-02-04
48782,3:22-cv-00062-wmc                       ,22,wmc ,2022-02-04,,1 ,2022-05-23,440,42:1983cv ,,,n,2022-02-04
48783,3:22-cv-00063-wmc                       ,22,wmc ,2022-02-07,,1 ,,550,42:1983pr ,,,y,2022-02-07
48784,3:22-cv-00064-jdp                       ,22,jdp ,2022-02-07,,1 ,2022-05-24,550,42:1983pr ,,,y,2022-02-07
48785,3:22-cv-00065-wmc                       ,22,wmc ,2022-02-07,,1 ,,550,42:1983pr ,,,y,2022-02-07
48786,3:22-cv-00066-jdp                       ,22,jdp ,2022-02-07,,1 ,,190,28:1332bc ,4,2,n,2022-02-07
48787,3:22-cv-00067-slc                       ,22,slc ,2022-02-07,,1 ,2023-03-30,864,42:0405id ,,,n,2022-02-07
48789,3:22-cv-00068-wmc                       ,22,wmc ,2022-02-07,,1 ,2022-06-21,864,42:0405id ,,,n,2022-02-07
48790,3:22-cv-00069-wmc                       ,22,wmc ,2022-02-08,,1 ,2023-02-02,360,28:1332pi ,1,2,n,2022-02-08
48791,3:22-cv-00070-slc                       ,22,slc ,2022-02-08,,1 ,2022-05-02,791,29:1002   ,,,n,2022-02-08
48792,3:22-cv-00071-wmc                       ,22,wmc ,2022-02-08,,1 ,2022-04-05,550,42:1983pr ,,,y,2022-02-08
48793,3:22-cv-00072-jdp                       ,22,jdp ,2022-02-08,,1 ,2022-02-28,550,42:1983pr ,,,y,2022-02-08
48795,3:22-cv-00073-wmc                       ,22,wmc ,2022-02-09,,1 ,2022-10-06,530,28:2241   ,,,y,2022-02-09
48794,3:22-cv-00074-jdp                       ,22,jdp ,2022-02-10,,1 ,,550,42:1983pr ,,,y,2022-02-10
48796,3:22-cv-00075-wmc                       ,22,wmc ,2022-02-10,,1 ,2022-06-09,890,misc      ,,,n,2022-02-10
48800,3:22-cv-00076-jdp                       ,22,jdp ,2022-02-10,,1 ,2022-11-21,190,15:2301   ,,,n,2022-02-10
48801,3:22-cv-00077-wmc                       ,22,wmc ,2022-02-10,,1 ,,440,42:1983cv ,,,y,2022-02-10
48802,3:22-cv-00078-wmc                       ,22,wmc ,2022-02-10,,1 ,,550,42:1983pr ,,,y,2022-02-10
48803,3:22-cv-00079-slc                       ,22,slc ,2022-02-11,,1 ,2023-04-10,190,28:1332bc ,2,4,n,2022-02-11
48806,3:22-cv-00080-jdp                       ,22,jdp ,2022-02-12,,1 ,2023-03-17,440,42:1983cv ,,,n,2022-02-12
48808,3:22-cv-00081-wmc                       ,22,wmc ,2022-02-14,,1 ,,440,42:1981cv ,,,y,2022-02-14
48809,3:22-cv-00082-jdp                       ,22,jdp ,2022-02-14,,1 ,2023-02-01,864,42:0405id ,,,n,2022-02-14
48810,3:22-cv-00083-wmc                       ,22,wmc ,2022-02-14,,1 ,2023-03-23,864,42:0405id ,,,n,2022-02-14
48812,3:22-cv-00085-jdp                       ,22,jdp ,2022-02-14,,1 ,2022-06-03,530,28:2241   ,,,y,2022-02-14
48813,3:22-cv-00086-jdp                       ,22,jdp ,2022-02-14,,1 ,2022-06-02,530,28:2241   ,,,y,2022-02-14
48811,3:22-cv-00084-jdp                       ,22,jdp ,2022-02-15,,1 ,2022-10-25,530,28:2241   ,,,y,2022-02-15
48819,3:22-cv-00087-jdp                       ,22,jdp ,2022-02-15,,1 ,2022-07-11,555,42:1983pr ,,,n,2022-02-15
48822,3:22-cv-00088-jdp                       ,22,jdp ,2022-02-17,,1 ,2022-12-14,422,28:1334   ,,,n,2022-02-17
48839,3:22-cv-00089-slc                       ,22,slc ,2022-02-18,,1 ,2022-08-22,190,28:1332oc ,4,2,n,2022-02-18
48842,3:22-cv-00090-bbc                       ,22,bbc ,2022-02-18,,1 ,2022-06-01,550,42:1983pr ,,,y,2022-02-18
48843,3:22-cv-00091-jdp                       ,22,jdp ,2022-02-18,,1 ,2023-03-31,864,42:0405id ,,,y,2022-02-18
48844,3:22-cv-00092-wmc                       ,22,wmc ,2022-02-22,,1 ,2022-03-11,360,28:1332wd ,1,5,n,2022-02-22
48845,3:22-cv-00093-jdp                       ,22,jdp ,2022-02-22,,1 ,2022-04-20,480,15:1692   ,,,n,2022-02-22
48848,3:22-cv-00094-slc                       ,22,slc ,2022-02-23,,1 ,2022-05-03,465,08:1329   ,,,n,2022-02-23
48849,3:22-cv-00095-wmc                       ,22,wmc ,2022-02-23,,1 ,,550,42:1983pr ,,,y,2022-02-23
48850,3:22-cv-00096-jdp                       ,22,jdp ,2022-02-24,,1 ,2023-02-10,422,28:1334   ,,,n,2022-02-24
48851,3:22-cv-00097-bbc                       ,22,bbc ,2022-02-24,,1 ,2022-06-07,864,42:0405id ,,,n,2022-02-24
48852,3:22-cv-00098-wmc                       ,22,wmc ,2022-02-24,,1 ,2022-07-22,550,42:1983pr ,,,y,2022-02-24
48853,3:22-cv-00099-jdp                       ,22,jdp ,2022-02-24,,2 ,2023-02-14,290,28:1441pr ,,,n,2022-02-24
48854,3:22-cv-00100-jdp                       ,22,jdp ,2022-02-24,,2 ,2022-04-22,290,28:1441pr ,,,n,2022-02-24
48856,3:22-cv-00101-wmc                       ,22,wmc ,2022-02-25,,5 ,2022-03-28,360,28:1446nr ,,,n,2022-02-25
48861,3:22-cv-00102-jdp                       ,22,jdp ,2022-02-28,,1 ,,440,42:1983cv ,,,n,2022-02-28
48862,3:22-cv-00103-wmc                       ,22,wmc ,2022-02-28,,1 ,2022-04-13,440,42:1983cv ,,,y,2022-02-28
48863,3:22-cv-00105-wmc                       ,22,wmc ,2022-02-28,,1 ,2022-12-20,440,42:1983cv ,,,n,2022-02-28
48864,3:22-cv-00104-bbc                       ,22,bbc ,2022-02-28,,1 ,2022-03-21,440,28:1441pr ,,,y,2022-02-28
48865,3:22-cv-00106-wmc                       ,22,wmc ,2022-02-28,,1 ,2022-05-17,480,15:1692   ,,,n,2022-02-28
48866,3:22-cv-00107-bbc                       ,22,bbc ,2022-03-01,,1 ,2022-03-02,440,28:1331b  ,,,y,2022-03-01
48867,3:22-cv-00108-jdp                       ,22,jdp ,2022-03-01,,2 ,2023-02-17,791,29:1001   ,,,n,2022-03-01
48868,3:22-cv-00109-wmc                       ,22,wmc ,2022-03-01,,1 ,2022-12-08,440,42:1983cv ,,,n,2022-03-01
48871,3:22-cv-00110-wmc                       ,22,wmc ,2022-03-02,,1 ,,550,42:1983pr ,,,n,2022-03-02
48873,3:22-cv-00111-jdp                       ,22,jdp ,2022-03-02,,1 ,2023-03-30,864,42:0405id ,,,n,2022-03-02
48874,3:22-cv-00112-wmc                       ,22,wmc ,2022-03-02,,1 ,2022-09-06,440,42:1983cv ,,,y,2022-03-02
48882,3:22-cv-00113-wmc                       ,22,wmc ,2022-03-03,,1 ,2022-03-07,550,42:1983pr ,,,y,2022-03-03
48883,3:22-cv-00114-wmc                       ,22,wmc ,2022-03-03,,1 ,2022-04-18,550,42:1983pr ,,,y,2022-03-03
48884,3:22-cv-00115-wmc                       ,22,wmc ,2022-03-03,2022-10-13,4 ,,550,42:1983pr ,,,y,2022-10-13
48885,3:22-cv-00116-wmc                       ,22,wmc ,2022-03-03,,1 ,,330,28:2671   ,,,n,2022-03-03
48886,3:22-cv-00118-bbc                       ,22,bbc ,2022-03-03,,1 ,2022-07-20,442,42:2000e  ,,,n,2022-03-03
48898,3:22-cv-00117-wmc                       ,22,wmc ,2022-03-07,,1 ,,550,42:1983pr ,,,y,2022-03-07
48899,3:22-cv-00119-wmc                       ,22,wmc ,2022-03-07,,1 ,,550,42:1983pr ,,,y,2022-03-07
48900,3:22-cv-00120-jdp                       ,22,jdp ,2022-03-07,,1 ,2022-06-03,530,28:2241   ,,,y,2022-03-07
48903,3:22-cv-00121-jdp                       ,22,jdp ,2022-03-07,,1 ,,440,42:1983cv ,,,n,2022-03-07
48904,3:22-cv-00122-jdp                       ,22,jdp ,2022-03-08,,1 ,2022-07-13,440,42:1983cv ,,,y,2022-03-08
48905,3:22-cv-00123-jdp                       ,22,jdp ,2022-03-08,,1 ,,864,42:0405id ,,,n,2022-03-08
48908,3:22-cv-00124-wmc                       ,22,wmc ,2022-03-08,,1 ,2023-05-11,365,28:1332pl ,1,3,n,2022-03-08
48909,3:22-cv-00125-wmc                       ,22,wmc ,2022-03-08,,1 ,,710,29:0201fl ,,,n,2022-03-08
48910,3:22-cv-00126-jdp                       ,22,jdp ,2022-03-09,,1 ,2022-08-26,550,42:1983pr ,,,y,2022-03-09
48912,3:22-cv-00127-jdp                       ,22,jdp ,2022-03-09,,1 ,2022-07-12,465,05:0551   ,,,n,2022-03-09
48913,3:22-cv-00128-jdp                       ,22,jdp ,2022-03-09,,1 ,,550,42:1983pr ,,,y,2022-03-09
48915,3:22-cv-00129-wmc                       ,22,wmc ,2022-03-10,2022-05-04,4 ,2022-08-01,550,42:1983pr ,,,y,2022-05-04
48915,3:22-cv-00129-wmc                       ,22,wmc ,2022-03-10,2022-05-04,4 ,2022-08-01,550,42:1983pr ,,,y,2022-05-04
48916,3:22-cv-00130-wmc                       ,22,wmc ,2022-03-10,2022-05-04,4 ,2022-07-15,550,42:1983pr ,,,y,2022-05-04
48916,3:22-cv-00130-wmc                       ,22,wmc ,2022-03-10,2022-05-04,4 ,2022-07-15,550,42:1983pr ,,,y,2022-05-04
48919,3:22-cv-00131-wmc                       ,22,wmc ,2022-03-10,,1 ,2022-08-23,864,42:0405id ,,,n,2022-03-10
48920,3:22-cv-00133-wmc                       ,22,wmc ,2022-03-10,,1 ,2022-10-21,864,42:0405id ,,,n,2022-03-10
48921,3:22-cv-00132-jdp                       ,22,jdp ,2022-03-10,,1 ,2022-04-08,550,42:1983pr ,,,y,2022-03-10
48922,3:22-cv-00134-wmc                       ,22,wmc ,2022-03-10,,1 ,,440,42:1983cv ,,,n,2022-03-10
48954,22-135,22,jdp ,2022-03-14,,,,376,31:3729   ,,,n,2022-03-14
48955,3:22-cv-00136-jdp                       ,22,jdp ,2022-03-14,,1 ,,190,28:1346bc ,,,y,2022-03-14
48958,3:22-cv-00137-wmc                       ,22,wmc ,2022-03-14,,1 ,2022-04-15,550,42:1983pr ,,,y,2022-03-14
48961,3:22-cv-00138-slc                       ,22,slc ,2022-03-14,,1 ,2022-12-12,864,42:0405id ,,,n,2022-03-14
48962,3:22-cv-00139-wmc                       ,22,wmc ,2022-03-14,,1 ,2022-12-13,550,42:1983pr ,,,y,2022-03-14
48965,3:22-cv-00140-jdp                       ,22,jdp ,2022-03-15,,1 ,2022-03-21,440,42:1983cv ,,,y,2022-03-15
48968,3:22-cv-00142-jdp                       ,22,jdp ,2022-03-16,,1 ,2023-05-18,360,28:1332pi ,2,1,n,2022-03-16
48971,3:22-cv-00143-jdp                       ,22,jdp ,2022-03-16,,1 ,,864,42:0405id ,,,n,2022-03-16
48976,3:22-cv-00145-jdp                       ,22,jdp ,2022-03-17,,1 ,2022-12-15,110,28:1332in ,2,4,n,2022-03-17
48977,3:22-cv-00146-jdp                       ,22,jdp ,2022-03-17,,1 ,2022-04-06,550,42:1983pr ,,,y,2022-03-17
48980,3:22-cv-00147-wmc                       ,22,wmc ,2022-03-17,,1 ,2022-06-30,480,15:1681   ,,,n,2022-03-17
48983,3:22-cv-00149-wmc                       ,22,wmc ,2022-03-18,,1 ,,550,42:1983pr ,,,y,2022-03-18
48986,3:22-cv-00148-wmc                       ,22,wmc ,2022-03-18,,1 ,2022-07-12,440,42:1983cv ,,,y,2022-03-18
48987,3:22-cv-00150-wmc                       ,22,wmc ,2022-03-18,,1 ,2022-04-20,440,42:1983cv ,,,y,2022-03-18
48984,3:22-cv-00144-wmc                       ,22,wmc ,2022-03-18,,5 ,2023-04-10,880,18:1836b  ,,,n,2022-03-18
48989,3:22-cv-00152-jdp                       ,22,jdp ,2022-03-21,,1 ,2022-10-07,550,42:1983pr ,,,y,2022-03-21
48988,22-151,22,slc ,2022-03-21,,,,376,31:3730   ,,,n,2022-03-21
48996,3:22-cv-00141-jdp                       ,22,jdp ,2022-03-22,,1 ,2022-05-31,550,42:1983pr ,,,y,2022-03-22
48999,3:22-cv-00153-jdp                       ,22,jdp ,2022-03-22,,1 ,2022-06-15,710,29:0201fl ,,,n,2022-03-22
49000,3:22-cv-00154-wmc                       ,22,wmc ,2022-03-22,,1 ,2022-06-08,440,42:1983cv ,,,y,2022-03-22
49001,3:22-cv-00155-wmc                       ,22,wmc ,2022-03-22,,1 ,2022-08-17,890,28:2201in ,,,n,2022-03-22
49002,3:22-cv-00156-jdp                       ,22,jdp ,2022-03-22,,1 ,2023-04-28,864,42:0405id ,,,n,2022-03-22
49003,3:22-cv-00157-jdp                       ,22,jdp ,2022-03-22,,1 ,2023-03-30,864,42:0405id ,,,n,2022-03-22
49005,3:22-cv-00158-jdp                       ,22,jdp ,2022-03-23,,1 ,2022-10-20,530,28:2241   ,,,y,2022-03-23
49006,3:22-cv-00159-wmc                       ,22,wmc ,2022-03-23,,1 ,2023-04-26,442,29:0621   ,,,n,2022-03-23
49007,3:22-cv-00160-wmc                       ,22,wmc ,2022-03-23,,1 ,2022-06-09,480,15:1681   ,,,n,2022-03-23
49008,3:22-cv-00163-slc                       ,22,slc ,2022-03-23,,1 ,,865,42:0405id ,,,n,2022-03-23
49009,3:22-cv-00161-wmc                       ,22,wmc ,2022-03-23,,1 ,2022-10-07,530,28:2254   ,,,y,2022-03-23
49010,3:22-cv-00162-wmc                       ,22,wmc ,2022-03-23,,1 ,2022-10-07,530,28:2254   ,,,y,2022-03-23
49013,3:22-cv-00164-jdp                       ,22,jdp ,2022-03-24,,1 ,2023-01-11,365,28:1332pl ,2,1,n,2022-03-24
49020,3:22-cv-00165-wmc                       ,22,wmc ,2022-03-25,,1 ,2023-01-05,865,42:0402   ,,,n,2022-03-25
49021,3:22-cv-00166-wmc                       ,22,wmc ,2022-03-25,,1 ,,530,28:2254   ,,,n,2022-03-25
49022,3:22-cv-00167-slc                       ,22,slc ,2022-03-25,,1 ,2022-04-11,465,28:1361   ,,,n,2022-03-25
49025,3:22-cv-00168-bbc                       ,22,bbc ,2022-03-28,,1 ,2022-08-22,550,42:1983pr ,,,y,2022-03-28
49026,3:22-cv-00169-wmc                       ,22,wmc ,2022-03-28,,2 ,,360,28:1332pi ,1,2,n,2022-03-28
49027,3:22-cv-00170-jdp                       ,22,jdp ,2022-03-28,,1 ,,550,42:1983pr ,,,y,2022-03-28
49028,3:22-cv-00171-wmc                       ,22,wmc ,2022-03-28,,1 ,,360,28:1331   ,,,n,2022-03-28
49033,3:22-cv-00172-jdp                       ,22,jdp ,2022-03-28,,1 ,2023-05-26,550,42:1983pr ,,,n,2022-03-28
49034,3:22-cv-00173-bbc                       ,22,bbc ,2022-03-28,,1 ,2022-05-20,440,42:1983cv ,,,y,2022-03-28
49035,3:22-cv-00174-bbc                       ,22,bbc ,2022-03-28,,1 ,2022-04-22,550,42:1983cv ,,,y,2022-03-28
49038,3:22-cv-00175-jdp                       ,22,jdp ,2022-03-29,,2 ,2022-04-26,480,15:1692   ,,,n,2022-03-29
49039,3:22-cv-00177-wmc                       ,22,wmc ,2022-03-30,,1 ,,440,42:1983cv ,,,n,2022-03-30
49048,3:22-cv-00178-jdp                       ,22,jdp ,2022-03-30,,1 ,,550,42:1983pr ,,,y,2022-03-30
49051,3:22-cv-00179-jdp                       ,22,jdp ,2022-03-30,,1 ,2022-10-17,530,28:2241   ,,,y,2022-03-30
49052,3:22-cv-00176-wmc                       ,22,wmc ,2022-03-30,,1 ,,440,42:1983cv ,,,y,2022-03-30
49053,3:22-cv-00180-jdp                       ,22,jdp ,2022-03-31,,1 ,2023-04-12,751,29:2601   ,,,n,2022-03-31
49054,3:22-cv-00181-wmc                       ,22,wmc ,2022-03-31,,1 ,2022-07-12,480,15:1681   ,,,n,2022-03-31
49055,3:22-cv-00182-jdp                       ,22,jdp ,2022-03-31,,1 ,2022-06-13,190,28:1332oc ,1,2,n,2022-03-31
49056,3:22-cv-00184-wmc                       ,22,wmc ,2022-04-01,,1 ,2022-09-21,360,28:1332ct ,2,5,n,2022-04-01
49057,3:22-cv-00183-wmc                       ,22,wmc ,2022-04-01,,1 ,2022-08-12,440,42:1983cv ,,,y,2022-04-01
49058,3:22-cv-00185-jdp                       ,22,jdp ,2022-04-04,,1 ,2023-05-02,870,26:7403   ,,,n,2022-04-04
49059,3:22-cv-00186-wmc                       ,22,wmc ,2022-04-04,,2 ,2022-08-05,190,28:1332oc ,5,5,n,2022-04-04
49060,3:22-cv-00187-jdp                       ,22,jdp ,2022-04-04,,2 ,2022-10-06,440,42:1983cv ,,,y,2022-04-04
49061,3:22-cv-00188-wmc                       ,22,wmc ,2022-04-04,,1 ,2023-05-12,710,29:0201fl ,,,n,2022-04-04
49062,3:22-cv-00189-jdp                       ,22,jdp ,2022-04-04,,1 ,2022-11-29,530,28:2241   ,,,y,2022-04-04
49063,3:22-cv-00190-bbc                       ,22,bbc ,2022-04-04,,1 ,2022-05-04,440,42:1983cv ,,,y,2022-04-04
49068,3:22-cv-00191-wmc                       ,22,wmc ,2022-04-06,,1 ,2022-10-25,442,42:2000e  ,,,n,2022-04-06
49072,3:22-cv-00193-jdp                       ,22,jdp ,2022-04-07,,1 ,,550,42:1983pr ,,,y,2022-04-07
49073,3:22-cv-00194-wmc                       ,22,wmc ,2022-04-07,,1 ,,720,29:0185   ,,,n,2022-04-07
49074,3:22-cv-00195-slc                       ,22,slc ,2022-04-07,,1 ,2022-09-21,899,05:0702   ,,,n,2022-04-07
49075,3:22-cv-00196-wmc                       ,22,wmc ,2022-04-07,,1 ,2022-09-30,110,28:1332bc ,1,5,n,2022-04-07
49077,3:22-cv-00197-wmc                       ,22,wmc ,2022-04-07,,1 ,,864,42:0405id ,,,n,2022-04-07
49078,3:22-cv-00198-wmc                       ,22,wmc ,2022-04-08,,2 ,,440,42:1983cv ,,,n,2022-04-08
49079,3:22-cv-00199-jdp                       ,22,jdp ,2022-04-08,,1 ,,550,42:1983pr ,,,y,2022-04-08
49096,3:22-cv-00206-jdp                       ,22,jdp ,2022-04-08,,1 ,,550,42:1983pr ,,,y,2022-04-08
49083,3:22-cv-00192-jdp                       ,22,jdp ,2022-04-11,,1 ,2022-10-24,751,29:1362   ,,,n,2022-04-11
49084,3:22-cv-00200-jdp                       ,22,jdp ,2022-04-11,,1 ,2022-11-01,791,29:1362   ,,,n,2022-04-11
49085,3:22-cv-00201-jdp                       ,22,jdp ,2022-04-11,,1 ,2023-01-10,220,28:1345fc ,,,n,2022-04-11
49092,3:22-cv-00202-wmc                       ,22,wmc ,2022-04-11,,1 ,2022-08-11,550,42:1983pr ,,,y,2022-04-11
49093,3:22-cv-00203-wmc                       ,22,wmc ,2022-04-11,,1 ,,550,42:1983pr ,,,y,2022-04-11
49094,3:22-cv-00204-jdp                       ,22,jdp ,2022-04-11,,1 ,,360,28:1332pi ,2,1,n,2022-04-11
49095,3:22-cv-00205-jdp                       ,22,jdp ,2022-04-11,,1 ,,864,42:0405id ,,,y,2022-04-11
49097,3:22-cv-00207-wmc                       ,22,wmc ,2022-04-12,,1 ,2022-09-14,480,15:1681   ,,,n,2022-04-12
49098,3:22-cv-00208-jdp                       ,22,jdp ,2022-04-12,,1 ,,791,29:1109   ,,,n,2022-04-12
49099,3:22-cv-00209-wmc                       ,22,wmc ,2022-04-12,,1 ,2022-06-29,443,42:3601   ,,,n,2022-04-12
49100,3:22-cv-00210-wmc                       ,22,wmc ,2022-04-12,,1 ,2022-05-19,790,28:1332ct ,1,5,n,2022-04-12
49101,3:22-cv-00211-wmc                       ,22,wmc ,2022-04-13,,1 ,2022-11-22,550,42:1983pr ,,,y,2022-04-13
49102,3:22-cv-00212-jdp                       ,22,jdp ,2022-04-13,,1 ,2022-12-23,480,15:1681   ,,,n,2022-04-13
49103,3:22-cv-00213-jdp                       ,22,jdp ,2022-04-13,,1 ,,710,29:0201fl ,,,n,2022-04-13
49104,3:22-cv-00214-jdp                       ,22,jdp ,2022-04-13,,1 ,,110,28:1332in ,2,4,n,2022-04-13
49108,3:22-cv-00215-jdp                       ,22,jdp ,2022-04-15,,1 ,,480,15:1681   ,,,n,2022-04-15
49109,3:22-cv-00216-slc                       ,22,slc ,2022-04-15,,1 ,2022-05-06,110,28:1332ia ,5,1,n,2022-04-15
49110,3:22-cv-00217-wmc                       ,22,wmc ,2022-04-18,,1 ,2022-07-29,440,28:1983   ,,,y,2022-04-18
49111,3:22-cv-00218-wmc                       ,22,wmc ,2022-04-18,,1 ,2022-08-02,190,28:1332bc ,5,4,n,2022-04-18
49115,3:22-cv-00219-jdp                       ,22,jdp ,2022-04-20,,1 ,2022-08-31,480,15:1692   ,,,n,2022-04-20
49116,3:22-cv-00220-wmc                       ,22,wmc ,2022-04-20,,1 ,,110,28:1332bc ,4,5,n,2022-04-20
49117,3:22-cv-00221-jdp                       ,22,jdp ,2022-04-20,,1 ,2022-12-07,190,28:1332bc ,2,4,n,2022-04-20
49126,3:22-cv-00222-slc                       ,22,slc ,2022-04-20,,1 ,2022-06-30,710,29:0201fl ,,,n,2022-04-20
49131,3:22-cv-00223-jdp                       ,22,jdp ,2022-04-22,,1 ,2022-07-20,840,15:1114   ,,,n,2022-04-22
49132,3:22-cv-00224-wmc                       ,22,wmc ,2022-04-22,,1 ,2023-01-27,110,28:1331in ,,,y,2022-04-22
49137,3:22-cv-00226-slc                       ,22,slc ,2022-04-25,,1 ,2022-07-27,480,15:1692   ,,,n,2022-04-25
49138,3:22-cv-00227-wmc                       ,22,wmc ,2022-04-25,,1 ,2022-07-07,830,35:0271   ,,,n,2022-04-25
49139,3:22-cv-00228-jdp                       ,22,jdp ,2022-04-25,,1 ,2023-04-28,365,28:1332pl ,2,4,n,2022-04-25
49140,3:22-cv-00229-jdp                       ,22,jdp ,2022-04-25,,1 ,,530,28:2254   ,,,y,2022-04-25
49143,3:22-cv-00230-wmc                       ,22,wmc ,2022-04-25,2023-01-23,4 ,2023-02-27,550,42:1983pr ,,,y,2023-01-23
49144,3:22-cv-00231-wmc                       ,22,wmc ,2022-04-25,,1 ,,550,42:1983pr ,,,y,2022-04-25
49145,3:22-cv-00232-jdp                       ,22,jdp ,2022-04-26,,1 ,,710,29:0201fl ,,,n,2022-04-26
49147,3:22-cv-00233-wmc                       ,22,wmc ,2022-04-26,,1 ,,863,42:0405ww ,,,n,2022-04-26
49148,3:22-cv-00234-jdp                       ,22,jdp ,2022-04-27,,1 ,,880,18:1836a  ,,,n,2022-04-27
49151,3:22-cv-00235-jdp                       ,22,jdp ,2022-04-27,,1 ,,190,28:1331   ,,,y,2022-04-27
49152,3:22-cv-00236-slc                       ,22,slc ,2022-04-27,,1 ,2023-05-01,710,29:0201fl ,,,n,2022-04-27
49156,3:22-cv-00237-wmc                       ,22,wmc ,2022-04-28,,1 ,,110,28:1446in ,4,5,n,2022-04-28
49159,3:22-cv-00238-wmc                       ,22,wmc ,2022-04-28,,1 ,,550,42:1983pr ,,,y,2022-04-28
49160,3:22-cv-00239-jdp                       ,22,jdp ,2022-04-28,,1 ,2022-05-03,550,42:1983pr ,,,y,2022-04-28
49161,3:22-cv-00240-wmc                       ,22,wmc ,2022-04-29,,1 ,,870,26:7403   ,,,n,2022-04-29
49163,3:22-cv-00242-wmc                       ,22,wmc ,2022-04-29,,1 ,2022-11-28,865,42:0402   ,,,n,2022-04-29
49164,3:22-cv-00243-wmc                       ,22,wmc ,2022-04-29,,1 ,2022-06-07,550,42:1983pr ,,,y,2022-04-29
49162,3:22-cv-00241-jdp                       ,22,jdp ,2022-04-29,,5 ,2023-05-18,440,42:1983cv ,,,n,2022-04-29
49165,3:22-cv-00244-jdp                       ,22,jdp ,2022-04-29,,1 ,,190,28:1332ct ,2,1,n,2022-04-29
49167,3:22-cv-00245-wmc                       ,22,wmc ,2022-05-02,,1 ,,550,42:1983pr ,,,y,2022-05-02
49169,3:22-cv-00246-jdp                       ,22,jdp ,2022-05-03,,1 ,2022-06-21,480,15:1681   ,,,n,2022-05-03
49174,3:22-cv-00247-wmc                       ,22,wmc ,2022-05-04,,1 ,,445,28:1331   ,,,y,2022-05-04
49175,3:22-cv-00248-jdp                       ,22,jdp ,2022-05-04,,1 ,2023-03-13,530,28:2241   ,,,y,2022-05-04
49177,3:22-cv-00249-wmc                       ,22,wmc ,2022-05-04,,1 ,2022-12-08,440,28:1331   ,,,n,2022-05-04
49182,3:22-cv-00250-slc                       ,22,slc ,2022-05-05,,1 ,2023-01-03,465,05:0702   ,,,n,2022-05-05
49183,3:22-cv-00251-wmc                       ,22,wmc ,2022-05-05,,2 ,2023-01-30,380,28:1332pd ,4,5,n,2022-05-05
49184,3:22-cv-00252-jdp                       ,22,jdp ,2022-05-06,,1 ,2022-12-12,365,28:1332pl ,2,4,n,2022-05-06
49185,3:22-cv-00253-jdp                       ,22,jdp ,2022-05-06,,1 ,,440,42:1983pr ,,,n,2022-05-06
49187,3:22-cv-00254-jdp                       ,22,jdp ,2022-05-06,,1 ,2022-12-19,864,42:0405id ,,,n,2022-05-06
49188,3:22-cv-00255-jdp                       ,22,jdp ,2022-05-06,,1 ,,864,42:0405id ,,,n,2022-05-06
49193,3:22-cv-00256-jdp                       ,22,jdp ,2022-05-06,,1 ,,550,42:1983pr ,,,y,2022-05-06
49203,3:22-cv-00264-wmc                       ,22,wmc ,2022-05-06,,1 ,2023-01-09,550,42:1983pr ,,,y,2022-05-06
49194,3:22-cv-00257-wmc                       ,22,wmc ,2022-05-09,,1 ,,840,15:0044   ,,,n,2022-05-09
49195,3:22-cv-00258-jdp                       ,22,jdp ,2022-05-09,,1 ,,550,42:1983pr ,,,y,2022-05-09
49199,3:22-cv-00260-jdp                       ,22,jdp ,2022-05-09,,1 ,2023-02-22,440,42:1983cv ,,,y,2022-05-09
49196,3:22-cv-00259-jdp                       ,22,jdp ,2022-05-10,,1 ,2023-03-10,440,42:1983cv ,,,n,2022-05-10
49200,3:22-cv-00261-jdp                       ,22,jdp ,2022-05-10,,1 ,2022-05-16,440,28:1331cv ,,,y,2022-05-10
49201,3:22-cv-00262-wmc                       ,22,wmc ,2022-05-11,,1 ,2022-12-08,480,15:1681   ,,,n,2022-05-11
49202,3:22-cv-00263-wmc                       ,22,wmc ,2022-05-11,,2 ,2023-05-25,440,42:1981cv ,,,n,2022-05-11
49206,3:22-cv-00265-jdp                       ,22,jdp ,2022-05-11,,1 ,,550,42:1983pr ,,,y,2022-05-11
49207,3:22-cv-00266-wmc                       ,22,wmc ,2022-05-11,,1 ,2023-02-22,440,42:1983cv ,,,n,2022-05-11
49243,3:22-cv-00270-jdp                       ,22,jdp ,2022-05-11,,1 ,2022-05-16,530,28:2254   ,,,y,2022-05-11
49213,3:22-cv-00267-jdp                       ,22,jdp ,2022-05-12,,1 ,2023-03-13,870,26:7401   ,,,n,2022-05-12
49214,3:22-cv-00268-jdp                       ,22,jdp ,2022-05-12,,1 ,,710,29:0201fl ,,,n,2022-05-12
49215,3:22-cv-00269-slc                       ,22,slc ,2022-05-12,,1 ,2022-08-23,791,29:1132   ,,,n,2022-05-12
49244,3:22-cv-00271-wmc                       ,22,wmc ,2022-05-12,,1 ,2022-06-23,465,05:0702   ,,,n,2022-05-12
49245,3:22-cv-00272-jdp                       ,22,jdp ,2022-05-13,,1 ,,190,28:1332ds ,1,5,n,2022-05-13
49246,3:22-cv-00273-jdp                       ,22,jdp ,2022-05-13,,1 ,,443,42:3601   ,,,n,2022-05-13
49251,3:22-cv-00274-jdp                       ,22,jdp ,2022-05-13,,1 ,,864,42:0405id ,,,n,2022-05-13
49255,3:22-cv-00275-wmc                       ,22,wmc ,2022-05-13,,2 ,,365,28:1332pl ,1,2,n,2022-05-13
49260,3:22-cv-00276-jdp                       ,22,jdp ,2022-05-16,,1 ,2022-05-24,550,42:1983pr ,,,y,2022-05-16
49261,3:22-cv-00277-wmc                       ,22,wmc ,2022-05-17,,1 ,2023-04-10,442,42:1983ed ,,,y,2022-05-17
49262,3:22-cv-00278-wmc                       ,22,wmc ,2022-05-17,,1 ,2022-10-11,864,42:0405id ,,,n,2022-05-17
49263,3:22-cv-00279-jdp                       ,22,jdp ,2022-05-18,,1 ,2022-09-15,440,42:1983pr ,,,y,2022-05-18
49264,3:22-cv-00280-jdp                       ,22,jdp ,2022-05-18,,1 ,2022-05-19,550,42:1983pr ,,,y,2022-05-18
49265,3:22-cv-00281-jdp                       ,22,jdp ,2022-05-18,,1 ,2022-09-06,840,15:1114   ,,,n,2022-05-18
49266,3:22-cv-00282-wmc                       ,22,wmc ,2022-05-18,,1 ,,550,42:1983pr ,,,y,2022-05-18
49267,3:22-cv-00283-wmc                       ,22,wmc ,2022-05-18,,1 ,,870,26:7422rt ,,,n,2022-05-18
49272,3:22-cv-00284-jdp                       ,22,jdp ,2022-05-18,,1 ,,550,42:1983pr ,,,y,2022-05-18
49273,3:22-cv-00285-wmc                       ,22,wmc ,2022-05-19,,1 ,2022-12-05,865,42:0402   ,,,n,2022-05-19
49274,3:22-cv-00286-jdp                       ,22,jdp ,2022-05-19,,1 ,,550,42:1983pr ,,,y,2022-05-19
49275,3:22-cv-00287-jdp                       ,22,jdp ,2022-05-19,,1 ,2023-03-15,442,42:2000e  ,,,n,2022-05-19
49276,3:22-cv-00225-jdp                       ,22,jdp ,2022-05-20,,1 ,2022-07-21,625,21:0881   ,,,n,2022-05-20
49282,3:22-cv-00288-wmc                       ,22,wmc ,2022-05-20,,1 ,2023-01-23,440,42:1983cv ,,,y,2022-05-20
49283,3:22-cv-00289-jdp                       ,22,jdp ,2022-05-23,,1 ,,440,42:1983cv ,,,n,2022-05-23
49284,3:22-cv-00290-wmc                       ,22,wmc ,2022-05-23,,1 ,2023-05-23,840,15:1114   ,,,n,2022-05-23
49285,3:22-cv-00291-wmc                       ,22,wmc ,2022-05-23,,1 ,2022-08-24,440,42:1983cv ,,,y,2022-05-23
49286,3:22-cv-00292-wmc                       ,22,wmc ,2022-05-23,,2 ,2022-06-06,245,28:1442pr ,,,n,2022-05-23
49290,3:22-cv-00293-wmc                       ,22,wmc ,2022-05-23,,1 ,2022-10-07,550,42:1983pr ,,,y,2022-05-23
49291,3:22-cv-00294-wmc                       ,22,wmc ,2022-05-23,,1 ,2022-07-19,550,42:1983pr ,,,y,2022-05-23
49292,3:22-cv-00295-wmc                       ,22,wmc ,2022-05-23,,1 ,2022-10-12,530,28:2254   ,,,y,2022-05-23
49296,3:22-cv-00296-wmc                       ,22,wmc ,2022-05-25,,1 ,2022-08-01,550,42:1983pr ,,,y,2022-05-25
49297,3:22-cv-00297-jdp                       ,22,jdp ,2022-05-25,,1 ,2022-12-20,863,42:0405wc ,,,n,2022-05-25
49298,3:22-cv-00298-wmc                       ,22,wmc ,2022-05-25,,1 ,2022-09-19,791,29:1132   ,,,n,2022-05-25
49299,3:22-cv-00299-wmc                       ,22,wmc ,2022-05-26,,1 ,2022-09-14,830,35:0271   ,,,n,2022-05-26
49306,3:22-cv-00301-wmc                       ,22,wmc ,2022-05-26,,1 ,2022-07-19,550,42:1983pr ,,,y,2022-05-26
49307,3:22-cv-00302-jdp                       ,22,jdp ,2022-05-26,,1 ,,530,28:2254   ,,,n,2022-05-26
49314,3:22-cv-00300-wmc                       ,22,wmc ,2022-05-26,,1 ,2022-12-22,360,28:1332pi ,1,2,y,2022-05-26
49317,3:22-cv-00303-jdp                       ,22,jdp ,2022-05-26,,1 ,2023-04-06,190,28:1331in ,,,y,2022-05-26
49318,3:22-cv-00304-wmc                       ,22,wmc ,2022-05-26,,1 ,,710,29:0201fl ,,,n,2022-05-26
49319,3:22-cv-00305-wmc                       ,22,wmc ,2022-05-27,,2 ,2022-08-24,480,15:1692   ,,,y,2022-05-27
49320,3:22-cv-00306-wmc                       ,22,wmc ,2022-05-27,,1 ,2022-06-23,370,28:1332pr ,1,2,y,2022-05-27
49325,3:22-cv-00307-wmc                       ,22,wmc ,2022-05-31,,5 ,2022-10-07,550,42:1983pr ,,,y,2022-05-31
49332,3:22-cv-00308-wmc                       ,22,wmc ,2022-05-31,,1 ,2022-08-01,530,28:2241   ,,,n,2022-05-31
49333,3:22-cv-00309-wmc                       ,22,wmc ,2022-05-31,,1 ,,864,42:0405id ,,,n,2022-05-31
49334,3:22-cv-00310-jdp                       ,22,jdp ,2022-05-31,,1 ,2023-04-17,820,17:0501   ,,,n,2022-05-31
49335,3:22-cv-00311-wmc                       ,22,wmc ,2022-06-01,,1 ,2023-04-13,530,28:2254   ,,,y,2022-06-01
49340,3:22-cv-00312-slc                       ,22,slc ,2022-06-02,,1 ,,864,42:0405id ,,,n,2022-06-02
49345,3:22-cv-00313-jdp                       ,22,jdp ,2022-06-03,,1 ,2023-04-14,440,42:1983cv ,,,n,2022-06-03
49346,3:22-cv-00314-jdp                       ,22,jdp ,2022-06-03,,1 ,2023-04-11,510,28:2255   ,,,y,2022-06-03
49348,3:22-cv-00316-wmc                       ,22,wmc ,2022-06-06,,1 ,,510,28:2255   ,,,y,2022-06-06
49349,3:22-cv-00315-jdp                       ,22,jdp ,2022-06-06,,1 ,,530,28:2254   ,,,y,2022-06-06
49350,3:22-cv-00317-jdp                       ,22,jdp ,2022-06-06,2022-08-19,4 ,2022-10-07,530,28:2254   ,,,y,2022-08-19
49353,3:22-cv-00318-wmc                       ,22,wmc ,2022-06-06,,1 ,2022-11-28,864,42:0405id ,,,n,2022-06-06
49357,3:22-cv-00319-wmc                       ,22,wmc ,2022-06-07,,1 ,,550,42:1983pr ,,,y,2022-06-07
49359,3:22-cv-00321-wmc                       ,22,wmc ,2022-06-08,,1 ,2022-11-30,530,28:2241   ,,,n,2022-06-08
49358,3:22-cv-00320-jdp                       ,22,jdp ,2022-06-08,,5 ,2023-02-23,442,42:2000ra ,,,y,2022-06-08
49363,3:22-cv-00323-wmc                       ,22,wmc ,2022-06-09,,2 ,2022-12-22,190,28:1332df ,1,5,y,2022-06-09
49364,3:22-cv-00324-jdp                       ,22,jdp ,2022-06-09,,1 ,2022-12-19,367,28:1332pl ,1,5,n,2022-06-09
49366,3:22-cv-00325-wmc                       ,22,wmc ,2022-06-10,,2 ,,442,28:1441pr ,5,5,n,2022-06-10
49367,3:22-cv-00326-wmc                       ,22,wmc ,2022-06-10,,1 ,2022-10-28,863,42:0405wc ,,,n,2022-06-10
49368,3:22-cv-00327-jdp                       ,22,jdp ,2022-06-13,,1 ,,550,42:1983pr ,,,y,2022-06-13
49370,3:22-cv-00328-wmc                       ,22,wmc ,2022-06-13,,1 ,2023-02-13,365,28:1332ct ,1,2,n,2022-06-13
49374,3:22-cv-00330-jdp                       ,22,jdp ,2022-06-13,,1 ,2022-06-21,550,42:1983pr ,,,y,2022-06-13
49371,3:22-cv-00329-wmc                       ,22,wmc ,2022-06-14,,1 ,,442,42:2000e  ,,,n,2022-06-14
49375,3:22-cv-00331-slc                       ,22,slc ,2022-06-14,,1 ,2022-09-19,462,28:1361   ,,,n,2022-06-14
49376,3:22-cv-00332-jdp                       ,22,jdp ,2022-06-14,,1 ,,442,42:2000e  ,,,n,2022-06-14
49377,3:22-cv-00333-jdp                       ,22,jdp ,2022-06-15,,5 ,,555,42:1983pr ,,,y,2022-06-15
49381,3:22-cv-00334-jdp                       ,22,jdp ,2022-06-15,,2 ,2023-02-10,441,28:1442pr ,,,y,2022-06-15
49382,3:22-cv-00322-wmc                       ,22,wmc ,2022-06-15,,1 ,,190,28:1332oc ,4,5,n,2022-06-15
49389,3:22-cv-00335-jdp                       ,22,jdp ,2022-06-16,,1 ,,550,42:1983pr ,,,y,2022-06-16
49397,3:22-cv-00336-wmc                       ,22,wmc ,2022-06-16,,1 ,,863,42:0405wc ,,,n,2022-06-16
49400,3:22-cv-00337-jdp                       ,22,jdp ,2022-06-17,,1 ,2022-07-06,530,28:2254   ,,,y,2022-06-17
49403,3:22-cv-00338-wmc                       ,22,wmc ,2022-06-17,,1 ,,710,15:0002fl ,,,n,2022-06-17
49404,3:22-cv-00339-wmc                       ,22,wmc ,2022-06-17,,2 ,2022-11-07,440,42:12101  ,,,n,2022-06-17
49405,3:22-cv-00340-wmc                       ,22,wmc ,2022-06-20,,1 ,2023-02-07,365,28:1332pl ,1,3,n,2022-06-20
49408,3:22-cv-00341-slc                       ,22,slc ,2022-06-21,,1 ,2022-07-12,365,28:1332pl ,2,5,n,2022-06-21
49409,3:22-cv-00342-jdp                       ,22,jdp ,2022-06-21,,1 ,2023-03-15,442,42:2000e  ,,,n,2022-06-21
49414,3:22-cv-00343-jdp                       ,22,jdp ,2022-06-21,,1 ,,550,42:1983pr ,,,y,2022-06-21
49415,3:22-cv-00344-jdp                       ,22,jdp ,2022-06-22,,1 ,2022-07-12,470,18:1964   ,,,n,2022-06-22
49416,3:22-cv-00345-jdp                       ,22,jdp ,2022-06-23,,1 ,2022-11-17,864,42:0405id ,,,n,2022-06-23
49417,3:22-cv-00346-jdp                       ,22,jdp ,2022-06-23,,1 ,,864,42:0405id ,,,n,2022-06-23
49418,3:22-cv-00347-jdp                       ,22,jdp ,2022-06-23,,1 ,,820,17:0101   ,,,n,2022-06-23
49428,3:22-cv-00348-jdp                       ,22,jdp ,2022-06-24,,1 ,,555,28:1331b  ,,,y,2022-06-24
49429,3:22-cv-00349-wmc                       ,22,wmc ,2022-06-24,,1 ,2022-11-29,864,42:0405id ,,,n,2022-06-24
49430,3:22-cv-00350-jdp                       ,22,jdp ,2022-06-27,,1 ,,863,42:0405wc ,,,n,2022-06-27
49431,3:22-cv-00352-jdp                       ,22,jdp ,2022-06-27,,1 ,,550,42:1983pr ,,,y,2022-06-27
49432,3:22-cv-00353-wmc                       ,22,wmc ,2022-06-27,,1 ,,550,42:1983pr ,,,y,2022-06-27
49438,3:22-cv-00351-jdp                       ,22,jdp ,2022-06-27,,1 ,,442,28:1331   ,,,y,2022-06-27
49439,3:22-cv-00354-slc                       ,22,slc ,2022-06-28,,1 ,2022-08-16,385,28:1332pl ,4,5,n,2022-06-28
49440,3:22-cv-00355-jdp                       ,22,jdp ,2022-06-28,,1 ,2022-09-22,550,28:1983   ,,,y,2022-06-28
49446,3:22-cv-00357-jdp                       ,22,jdp ,2022-06-29,,1 ,2023-05-23,625,21:0881   ,,,n,2022-06-29
49447,3:22-cv-00358-slc                       ,22,slc ,2022-06-29,,1 ,2022-09-14,190,28:1335   ,5,1,n,2022-06-29
49451,3:22-cv-00359-jdp                       ,22,jdp ,2022-06-30,,2 ,2022-11-22,440,42:1981cv ,,,n,2022-06-30
49452,3:22-cv-00360-wmc                       ,22,wmc ,2022-06-30,,1 ,2023-05-24,440,42:1983cv ,,,n,2022-06-30
49453,3:22-cv-00361-slc                       ,22,slc ,2022-06-30,,2 ,2022-07-15,360,28:1332in ,,,n,2022-06-30
40288,3:17-cv-00524-wmc                       ,17,wmc ,2017-07-06,2021-07-08,4 ,2022-04-28,550,42:1983pr ,,,y,2021-07-08
45426,3:20-cv-00194-jdp                       ,20,jdp ,2020-03-04,2021-07-15,A ,,560,28:1983   ,,,y,2021-07-15
45426,3:20-cv-00194-jdp                       ,20,jdp ,2020-03-04,2021-07-15,A ,,560,28:1983   ,,,y,2021-07-15
47429,3:21-cv-00222-jdp                       ,21,jdp ,2021-04-02,2021-07-16,4 ,2023-01-11,550,42:1983pr ,,,y,2021-07-16
45712,3:20-cv-00368-jdp                       ,20,jdp ,2020-04-21,2021-07-21,4 ,2022-05-31,190,28:1332bc ,5,4,n,2021-07-21
42492,3:18-cv-00753-wmc                       ,18,wmc ,2018-09-11,2021-08-05,4 ,2021-08-16,480,15:1692   ,,,n,2021-08-05
47607,3:21-cv-00294-wmc                       ,21,wmc ,2021-04-12,2021-08-09,4 ,,530,28:2254   ,,,y,2021-08-09
45703,3:20-cv-00360-bbc                       ,20,bbc ,2020-04-20,2021-09-07,4 ,2022-06-15,550,42:1983pr ,,,y,2021-09-07
41277,3:18-cv-00105-jdp                       ,18,jdp ,2018-02-14,2021-09-23,4 ,2021-10-14,440,42:2000e  ,,,n,2021-09-23
44831,3:19-cv-00949-jdp                       ,19,jdp ,2019-11-18,2021-09-24,3 ,2021-09-28,530,28:2254   ,,,n,2021-09-24
38258,3:16-cv-00229-wmc                       ,16,wmc ,2016-04-11,2021-10-04,4 ,,530,28:2254   ,,,y,2021-10-04
42251,3:18-cv-00596-bbc                       ,18,bbc ,2018-08-02,2021-11-02,4 ,2022-02-03,530,28:2254   ,,,y,2021-11-02
45643,3:20-cv-00299-wmc                       ,20,wmc ,2020-04-06,2021-11-17,4 ,2021-11-17,365,28:1331pi ,1,5,y,2021-11-17
44548,3:19-cv-00793-wmc                       ,19,wmc ,2019-09-23,2021-12-15,4 ,2022-01-13,550,42:1983pr ,,,y,2021-12-15
44821,3:19-cv-00939-wmc                       ,19,wmc ,2019-11-15,2021-12-28,4 ,2022-07-21,550,42:1983pr ,,,y,2021-12-28
46092,3:20-cv-00582-jdp                       ,20,jdp ,2020-06-24,2022-01-12,4 ,2022-10-25,550,42:1983pr ,,,y,2022-01-12
44398,3:19-cv-00728-jdp                       ,19,jdp ,2019-09-05,2022-01-21,4 ,2022-01-25,530,28:2254   ,,,n,2022-01-21
42995,3:18-cv-01008-wmc                       ,18,wmc ,2018-12-06,2022-02-18,4 ,2022-07-01,550,42:1983pr ,,,y,2022-02-18
44216,3:19-cv-00630-jdp                       ,19,jdp ,2019-08-01,2022-03-24,4 ,2023-01-25,530,28:2254   ,,,y,2022-03-24
43016,3:18-cv-01023-wmc                       ,18,wmc ,2018-12-11,2022-04-11,4 ,2022-05-09,550,42:1983pr ,,,y,2022-04-11
44660,3:19-cv-00856-jdp                       ,19,jdp ,2019-10-15,2022-04-22,4 ,2022-05-18,830,35:0102   ,,,n,2022-04-22
42348,3:18-cv-00669-jdp                       ,18,jdp ,2018-08-13,2022-05-02,4 ,2023-06-01,555,42:1983pr ,,,y,2022-05-02
44403,3:19-cv-00724-wmc                       ,19,wmc ,2019-09-05,2022-06-06,4 ,2023-03-15,550,42:1983pr ,,,y,2022-06-06
41241,3:18-cv-00075-wmc                       ,18,wmc ,2018-02-05,2022-06-28,4 ,,530,28:2254   ,,,y,2022-06-28
